WELL ID,WELL NAME,APPROXIMATE LATITUDE,APPROXIMATE LONGITUDE,CHEMICAL,QUALIFIER,RESULT,UNITS,DATE,DATASET_CAT,DATASET,COUNTY,RB,GW_BASIN_NAME,ASSEMBLY,SENATE
YUB 211,YUB 211,39.528,-121.173,TCPR123,<,0.5,UG/L,5/28/2002,WATER SUPPLY (WELLS),GAMA,BUTTE,5,NO BASIN FOUND,1,4
YUB 244,YUB 244,39.451,-121.42,TCPR123,<,0.5,UG/L,6/3/2002,WATER SUPPLY (WELLS),GAMA,BUTTE,5,NO BASIN FOUND,3,4
YUB 301,YUB 301,39.089,-121.656,TCPR123,<,0.5,UG/L,5/9/2002,WATER SUPPLY (WELLS),GAMA,SUTTER,5,SACRAMENTO VALLEY - SUTTER (5-21.62),3,4
YUB 221,YUB 221,39.123,-121.639,TCPR123,<,0.5,UG/L,5/9/2002,WATER SUPPLY (WELLS),GAMA,SUTTER,5,SACRAMENTO VALLEY - SUTTER (5-21.62),3,4
YUB 203,YUB 203,39.049,-121.625,TCPR123,<,0.5,UG/L,5/9/2002,WATER SUPPLY (WELLS),GAMA,SUTTER,5,SACRAMENTO VALLEY - SUTTER (5-21.62),3,4
YUB 258,YUB 258,39.046,-121.335,TCPR123,<,0.5,UG/L,5/7/2002,WATER SUPPLY (WELLS),GAMA,YUBA,5,NO BASIN FOUND,3,4
YUB 300,YUB 300,39.361,-121.273,TCPR123,<,0.5,UG/L,5/17/2002,WATER SUPPLY (WELLS),GAMA,YUBA,5,NO BASIN FOUND,3,4
YUB 283,YUB 283,39.315,-121.275,TCPR123,<,0.5,UG/L,4/30/2002,WATER SUPPLY (WELLS),GAMA,YUBA,5,NO BASIN FOUND,3,4
YUB 295,YUB 295,39.349,-121.254,TCPR123,<,0.5,UG/L,4/29/2002,WATER SUPPLY (WELLS),GAMA,YUBA,5,NO BASIN FOUND,3,4
YUB 293,YUB 293,39.374,-121.262,TCPR123,<,0.5,UG/L,4/30/2002,WATER SUPPLY (WELLS),GAMA,YUBA,5,NO BASIN FOUND,3,4
YUB 233,YUB 233,39.29,-121.351,TCPR123,<,0.5,UG/L,4/26/2002,WATER SUPPLY (WELLS),GAMA,YUBA,5,NO BASIN FOUND,3,4
YUB 269,YUB 269,39.078,-121.341,TCPR123,<,0.5,UG/L,5/7/2002,WATER SUPPLY (WELLS),GAMA,YUBA,5,NO BASIN FOUND,3,4
YUB 240,YUB 240,39.448,-121.039,TCPR123,<,0.5,UG/L,5/29/2002,WATER SUPPLY (WELLS),GAMA,YUBA,5,NO BASIN FOUND,3,4
YUB 308,YUB 308,39.282,-121.321,TCPR123,<,0.5,UG/L,4/26/2002,WATER SUPPLY (WELLS),GAMA,YUBA,5,NO BASIN FOUND,3,4
YUB 254,YUB 254,39.312,-121.401,TCPR123,<,0.5,UG/L,5/20/2002,WATER SUPPLY (WELLS),GAMA,YUBA,5,NO BASIN FOUND,3,4
YUB 205,YUB 205,39.07,-121.342,TCPR123,<,0.5,UG/L,5/7/2002,WATER SUPPLY (WELLS),GAMA,YUBA,5,NO BASIN FOUND,3,4
YUB 275,YUB 275,39.169,-121.608,TCPR123,<,0.5,UG/L,5/20/2002,WATER SUPPLY (WELLS),GAMA,YUBA,5,SACRAMENTO VALLEY - NORTH YUBA (5-21.60),3,4
YUB 305,YUB 305,39.207,-121.304,TCPR123,<,0.5,UG/L,5/3/2002,WATER SUPPLY (WELLS),GAMA,YUBA,5,NO BASIN FOUND,3,4
YUB 224,YUB 224,39.01,-121.438,TCPR123,<,0.5,UG/L,5/8/2002,WATER SUPPLY (WELLS),GAMA,YUBA,5,SACRAMENTO VALLEY - SOUTH YUBA (5-21.61),3,4
YUB 296,YUB 296,39.356,-121.272,TCPR123,<,0.5,UG/L,4/29/2002,WATER SUPPLY (WELLS),GAMA,YUBA,5,NO BASIN FOUND,3,4
YUB 242,YUB 242,39.1,-121.549,TCPR123,<,0.5,UG/L,5/29/2002,WATER SUPPLY (WELLS),GAMA,YUBA,5,SACRAMENTO VALLEY - SOUTH YUBA (5-21.61),3,4
YUB 315,YUB 315,39.049,-121.561,TCPR123,<,0.5,UG/L,5/13/2002,WATER SUPPLY (WELLS),GAMA,YUBA,5,SACRAMENTO VALLEY - SOUTH YUBA (5-21.61),3,4
YUB 286,YUB 286,39.447,-121.033,TCPR123,<,0.5,UG/L,5/29/2002,WATER SUPPLY (WELLS),GAMA,YUBA,5,NO BASIN FOUND,3,4
YUB 210,YUB 210,39.278,-121.362,TCPR123,<,0.5,UG/L,5/3/2002,WATER SUPPLY (WELLS),GAMA,YUBA,5,NO BASIN FOUND,3,4
YUB 236,YUB 236,39.299,-121.325,TCPR123,<,0.5,UG/L,4/26/2002,WATER SUPPLY (WELLS),GAMA,YUBA,5,NO BASIN FOUND,3,4
YUB 218,YUB 218,39.309,-121.445,TCPR123,<,0.5,UG/L,5/14/2002,WATER SUPPLY (WELLS),GAMA,YUBA,5,NO BASIN FOUND,3,4
YUB 267,YUB 267,39.253,-121.355,TCPR123,<,0.5,UG/L,4/26/2002,WATER SUPPLY (WELLS),GAMA,YUBA,5,NO BASIN FOUND,3,4
YUB 216,YUB 216,39.33,-121.267,TCPR123,<,0.5,UG/L,5/9/2002,WATER SUPPLY (WELLS),GAMA,YUBA,5,NO BASIN FOUND,3,4
YUB 230,YUB 230,39.198,-121.517,TCPR123,<,0.5,UG/L,5/20/2002,WATER SUPPLY (WELLS),GAMA,YUBA,5,SACRAMENTO VALLEY - NORTH YUBA (5-21.60),3,4
YUB 271,YUB 271,39.079,-121.336,TCPR123,<,0.5,UG/L,5/7/2002,WATER SUPPLY (WELLS),GAMA,YUBA,5,NO BASIN FOUND,3,4
YUB 256,YUB 256,39.255,-121.503,TCPR123,<,0.5,UG/L,5/20/2002,WATER SUPPLY (WELLS),GAMA,YUBA,5,SACRAMENTO VALLEY - NORTH YUBA (5-21.60),3,4
YUB 284,YUB 284,39.383,-121.121,TCPR123,<,0.5,UG/L,5/29/2002,WATER SUPPLY (WELLS),GAMA,YUBA,5,NO BASIN FOUND,3,4
YUB 316,YUB 316,39.061,-121.543,TCPR123,<,0.5,UG/L,5/23/2002,WATER SUPPLY (WELLS),GAMA,YUBA,5,SACRAMENTO VALLEY - SOUTH YUBA (5-21.61),3,4
YUB 289,YUB 289,39.279,-121.357,TCPR123,<,0.5,UG/L,6/9/2002,WATER SUPPLY (WELLS),GAMA,YUBA,5,NO BASIN FOUND,3,4
YUB 288,YUB 288,39.12,-121.461,TCPR123,<,0.5,UG/L,5/14/2002,WATER SUPPLY (WELLS),GAMA,YUBA,5,SACRAMENTO VALLEY - SOUTH YUBA (5-21.61),3,4
YUB 309,YUB 309,39.312,-121.279,TCPR123,<,0.5,UG/L,4/29/2002,WATER SUPPLY (WELLS),GAMA,YUBA,5,NO BASIN FOUND,3,4
YUB 290,YUB 290,39.234,-121.359,TCPR123,<,0.5,UG/L,5/3/2002,WATER SUPPLY (WELLS),GAMA,YUBA,5,NO BASIN FOUND,3,4
YUB 265,YUB 265,39.327,-121.397,TCPR123,<,0.5,UG/L,5/14/2002,WATER SUPPLY (WELLS),GAMA,YUBA,5,NO BASIN FOUND,3,4
YUB 298,YUB 298,39.304,-121.283,TCPR123,<,0.5,UG/L,4/29/2002,WATER SUPPLY (WELLS),GAMA,YUBA,5,NO BASIN FOUND,3,4
YUB 299,YUB 299,39.353,-121.283,TCPR123,<,0.5,UG/L,5/17/2002,WATER SUPPLY (WELLS),GAMA,YUBA,5,NO BASIN FOUND,3,4
YUB 215,YUB 215,39.335,-121.262,TCPR123,<,0.5,UG/L,5/9/2002,WATER SUPPLY (WELLS),GAMA,YUBA,5,NO BASIN FOUND,3,4
YUB 223,YUB 223,39.092,-121.311,TCPR123,<,0.5,UG/L,5/8/2002,WATER SUPPLY (WELLS),GAMA,YUBA,5,NO BASIN FOUND,3,4
YUB 270,YUB 270,39.061,-121.328,TCPR123,<,0.5,UG/L,5/8/2002,WATER SUPPLY (WELLS),GAMA,YUBA,5,NO BASIN FOUND,3,4
YUB 276,YUB 276,39.009,-121.45,TCPR123,<,0.5,UG/L,5/8/2002,WATER SUPPLY (WELLS),GAMA,YUBA,5,SACRAMENTO VALLEY - SOUTH YUBA (5-21.61),3,4
YUB 250,YUB 250,39.538,-121.128,TCPR123,<,0.5,UG/L,5/28/2002,WATER SUPPLY (WELLS),GAMA,YUBA,5,NO BASIN FOUND,3,4
YUB 280,YUB 280,39.298,-121.351,TCPR123,<,0.5,UG/L,5/3/2002,WATER SUPPLY (WELLS),GAMA,YUBA,5,NO BASIN FOUND,3,4
YUB 225,YUB 225,39.056,-121.342,TCPR123,<,0.5,UG/L,5/8/2002,WATER SUPPLY (WELLS),GAMA,YUBA,5,SACRAMENTO VALLEY - SOUTH YUBA (5-21.61),3,4
YUB 226,YUB 226,39.055,-121.557,TCPR123,<,0.5,UG/L,5/13/2002,WATER SUPPLY (WELLS),GAMA,YUBA,5,SACRAMENTO VALLEY - SOUTH YUBA (5-21.61),3,4
YUB 310,YUB 310,39.04,-121.569,TCPR123,<,0.5,UG/L,5/20/2002,WATER SUPPLY (WELLS),GAMA,YUBA,5,SACRAMENTO VALLEY - SOUTH YUBA (5-21.61),3,4
YUB 228,YUB 228,39.042,-121.565,TCPR123,<,0.5,UG/L,5/13/2002,WATER SUPPLY (WELLS),GAMA,YUBA,5,SACRAMENTO VALLEY - SOUTH YUBA (5-21.61),3,4
YUB 302,YUB 302,39.272,-121.396,TCPR123,<,0.5,UG/L,4/26/2002,WATER SUPPLY (WELLS),GAMA,YUBA,5,NO BASIN FOUND,3,4
YUB 219,YUB 219,39.371,-121.233,TCPR123,<,0.5,UG/L,5/17/2002,WATER SUPPLY (WELLS),GAMA,YUBA,5,NO BASIN FOUND,3,4
YUB 202,YUB 202,39.051,-121.556,TCPR123,<,0.5,UG/L,5/13/2002,WATER SUPPLY (WELLS),GAMA,YUBA,5,SACRAMENTO VALLEY - SOUTH YUBA (5-21.61),3,4
YUB 237,YUB 237,39.397,-121.113,TCPR123,<,0.5,UG/L,5/29/2002,WATER SUPPLY (WELLS),GAMA,YUBA,5,NO BASIN FOUND,3,4
YUB 214,YUB 214,39.327,-121.256,TCPR123,<,0.5,UG/L,4/29/2002,WATER SUPPLY (WELLS),GAMA,YUBA,5,NO BASIN FOUND,3,4
YUB 263,YUB 263,39.031,-121.454,TCPR123,<,0.5,UG/L,5/8/2002,WATER SUPPLY (WELLS),GAMA,YUBA,5,SACRAMENTO VALLEY - SOUTH YUBA (5-21.61),3,4
YUB 206,YUB 206,39.119,-121.45,TCPR123,<,0.5,UG/L,5/14/2002,WATER SUPPLY (WELLS),GAMA,YUBA,5,SACRAMENTO VALLEY - SOUTH YUBA (5-21.61),3,4
YUB 277,YUB 277,39.183,-121.592,TCPR123,<,0.5,UG/L,5/20/2002,WATER SUPPLY (WELLS),GAMA,YUBA,5,SACRAMENTO VALLEY - NORTH YUBA (5-21.60),3,4
YUB 234,YUB 234,39.556,-121.127,TCPR123,<,0.5,UG/L,5/28/2002,WATER SUPPLY (WELLS),GAMA,YUBA,5,NO BASIN FOUND,3,4
YUB 273,YUB 273,39.527,-121.19,TCPR123,<,0.5,UG/L,5/28/2002,WATER SUPPLY (WELLS),GAMA,YUBA,5,NO BASIN FOUND,3,4
YUB 314,YUB 314,39.059,-121.576,TCPR123,<,0.5,UG/L,5/23/2002,WATER SUPPLY (WELLS),GAMA,YUBA,5,SACRAMENTO VALLEY - SOUTH YUBA (5-21.61),3,4
YUB 235,YUB 235,39.039,-121.574,TCPR123,<,0.5,UG/L,5/20/2002,WATER SUPPLY (WELLS),GAMA,YUBA,5,SACRAMENTO VALLEY - SOUTH YUBA (5-21.61),3,4
YUB 243,YUB 243,39.101,-121.551,TCPR123,<,0.5,UG/L,5/29/2002,WATER SUPPLY (WELLS),GAMA,YUBA,5,SACRAMENTO VALLEY - SOUTH YUBA (5-21.61),3,4
YUB 209,YUB 209,39.31,-121.604,TCPR123,<,0.5,UG/L,5/13/2002,WATER SUPPLY (WELLS),GAMA,YUBA,5,SACRAMENTO VALLEY - NORTH YUBA (5-21.60),3,4
YUB 259,YUB 259,39.29,-121.248,TCPR123,<,0.5,UG/L,5/23/2002,WATER SUPPLY (WELLS),GAMA,YUBA,5,NO BASIN FOUND,3,4
YUB 252,YUB 252,39.31,-121.283,TCPR123,<,0.5,UG/L,6/14/2002,WATER SUPPLY (WELLS),GAMA,YUBA,5,NO BASIN FOUND,3,4
YUB 253,YUB 253,39.249,-121.344,TCPR123,<,0.5,UG/L,5/4/2002,WATER SUPPLY (WELLS),GAMA,YUBA,5,NO BASIN FOUND,3,4
YUB 304,YUB 304,39.313,-121.376,TCPR123,<,0.5,UG/L,4/26/2002,WATER SUPPLY (WELLS),GAMA,YUBA,5,NO BASIN FOUND,3,4
YUB 294,YUB 294,39.312,-121.268,TCPR123,<,0.5,UG/L,6/14/2002,WATER SUPPLY (WELLS),GAMA,YUBA,5,NO BASIN FOUND,3,4
YUB 212,YUB 212,39.361,-121.28,TCPR123,<,0.5,UG/L,5/17/2002,WATER SUPPLY (WELLS),GAMA,YUBA,5,NO BASIN FOUND,3,4
YUB 282,YUB 282,39.322,-121.274,TCPR123,<,0.5,UG/L,4/30/2002,WATER SUPPLY (WELLS),GAMA,YUBA,5,NO BASIN FOUND,3,4
YUB 313,YUB 313,39.038,-121.564,TCPR123,<,0.5,UG/L,5/29/2002,WATER SUPPLY (WELLS),GAMA,YUBA,5,SACRAMENTO VALLEY - SOUTH YUBA (5-21.61),3,4
YUB 285,YUB 285,39.399,-121.099,TCPR123,<,0.5,UG/L,5/29/2002,WATER SUPPLY (WELLS),GAMA,YUBA,5,NO BASIN FOUND,3,4
YUB 220,YUB 220,39.053,-121.339,TCPR123,<,0.5,UG/L,5/7/2002,WATER SUPPLY (WELLS),GAMA,YUBA,5,NO BASIN FOUND,3,4
YUB 292,YUB 292,39.381,-121.252,TCPR123,<,0.5,UG/L,4/30/2002,WATER SUPPLY (WELLS),GAMA,YUBA,5,NO BASIN FOUND,3,4
YUB 311,YUB 311,39.046,-121.577,TCPR123,<,0.5,UG/L,5/13/2002,WATER SUPPLY (WELLS),GAMA,YUBA,5,SACRAMENTO VALLEY - SOUTH YUBA (5-21.61),3,4
YUB 239,YUB 239,39.398,-121.103,TCPR123,<,0.5,UG/L,5/29/2002,WATER SUPPLY (WELLS),GAMA,YUBA,5,NO BASIN FOUND,3,4
YUB 268,YUB 268,39.068,-121.334,TCPR123,<,0.5,UG/L,5/7/2002,WATER SUPPLY (WELLS),GAMA,YUBA,5,NO BASIN FOUND,3,4
YUB 222,YUB 222,39.067,-121.326,TCPR123,<,0.5,UG/L,5/7/2002,WATER SUPPLY (WELLS),GAMA,YUBA,5,NO BASIN FOUND,3,4
YUB 231,YUB 231,39.128,-121.456,TCPR123,<,0.5,UG/L,5/14/2002,WATER SUPPLY (WELLS),GAMA,YUBA,5,SACRAMENTO VALLEY - SOUTH YUBA (5-21.61),3,4
YUB 261,YUB 261,39.16,-121.316,TCPR123,<,0.5,UG/L,6/9/2002,WATER SUPPLY (WELLS),GAMA,YUBA,5,NO BASIN FOUND,3,4
YUB 262,YUB 262,39.212,-121.457,TCPR123,<,0.5,UG/L,5/17/2002,WATER SUPPLY (WELLS),GAMA,YUBA,5,SACRAMENTO VALLEY - NORTH YUBA (5-21.60),3,4
YUB 204,YUB 204,39.054,-121.345,TCPR123,<,0.5,UG/L,5/8/2002,WATER SUPPLY (WELLS),GAMA,YUBA,5,SACRAMENTO VALLEY - SOUTH YUBA (5-21.61),3,4
YUB 255,YUB 255,39.046,-121.47,TCPR123,<,0.5,UG/L,5/8/2002,WATER SUPPLY (WELLS),GAMA,YUBA,5,SACRAMENTO VALLEY - SOUTH YUBA (5-21.61),3,4
YUB 257,YUB 257,39.232,-121.426,TCPR123,<,0.5,UG/L,5/17/2002,WATER SUPPLY (WELLS),GAMA,YUBA,5,NO BASIN FOUND,3,4
YUB 318,YUB 318,39.356,-121.269,TCPR123,<,0.5,UG/L,5/17/2002,WATER SUPPLY (WELLS),GAMA,YUBA,5,NO BASIN FOUND,3,4
YUB 281,YUB 281,39.309,-121.339,TCPR123,<,0.5,UG/L,4/26/2002,WATER SUPPLY (WELLS),GAMA,YUBA,5,NO BASIN FOUND,3,4
YUB 312,YUB 312,39.047,-121.553,TCPR123,<,0.5,UG/L,5/14/2002,WATER SUPPLY (WELLS),GAMA,YUBA,5,SACRAMENTO VALLEY - SOUTH YUBA (5-21.61),3,4
YUB 264,YUB 264,39.301,-121.385,TCPR123,<,0.5,UG/L,5/14/2002,WATER SUPPLY (WELLS),GAMA,YUBA,5,NO BASIN FOUND,3,4
YUB 274,YUB 274,39.47,-121.258,TCPR123,<,0.5,UG/L,5/28/2002,WATER SUPPLY (WELLS),GAMA,YUBA,5,NO BASIN FOUND,3,4
YUB 306,YUB 306,39.398,-121.206,TCPR123,<,0.5,UG/L,4/29/2002,WATER SUPPLY (WELLS),GAMA,YUBA,5,NO BASIN FOUND,3,4
YUB 207,YUB 207,39.275,-121.537,TCPR123,<,0.5,UG/L,5/23/2002,WATER SUPPLY (WELLS),GAMA,YUBA,5,SACRAMENTO VALLEY - NORTH YUBA (5-21.60),3,4
YUB 227,YUB 227,39.116,-121.46,TCPR123,<,0.5,UG/L,5/14/2002,WATER SUPPLY (WELLS),GAMA,YUBA,5,SACRAMENTO VALLEY - SOUTH YUBA (5-21.61),3,4
YUB 279,YUB 279,39.343,-121.33,TCPR123,<,0.5,UG/L,4/26/2002,WATER SUPPLY (WELLS),GAMA,YUBA,5,NO BASIN FOUND,3,4
YUB 291,YUB 291,39.349,-121.234,TCPR123,<,0.5,UG/L,4/30/2002,WATER SUPPLY (WELLS),GAMA,YUBA,5,NO BASIN FOUND,3,4
YUB 287,YUB 287,39.511,-121.29,TCPR123,<,0.5,UG/L,5/28/2002,WATER SUPPLY (WELLS),GAMA,YUBA,5,NO BASIN FOUND,3,4
YUB 213,YUB 213,39.366,-121.258,TCPR123,<,0.5,UG/L,4/30/2002,WATER SUPPLY (WELLS),GAMA,YUBA,5,NO BASIN FOUND,3,4
YUB 232,YUB 232,39.442,-121.274,TCPR123,<,0.5,UG/L,6/3/2002,WATER SUPPLY (WELLS),GAMA,YUBA,5,NO BASIN FOUND,3,4
YUB 260,YUB 260,39.194,-121.316,TCPR123,<,0.5,UG/L,5/3/2002,WATER SUPPLY (WELLS),GAMA,YUBA,5,NO BASIN FOUND,3,4
YUB 217,YUB 217,39.324,-121.265,TCPR123,<,0.5,UG/L,5/9/2002,WATER SUPPLY (WELLS),GAMA,YUBA,5,NO BASIN FOUND,3,4
YUB 272,YUB 272,39.092,-121.313,TCPR123,<,0.5,UG/L,5/8/2002,WATER SUPPLY (WELLS),GAMA,YUBA,5,NO BASIN FOUND,3,4
YUB 303,YUB 303,39.226,-121.588,TCPR123,<,0.5,UG/L,5/13/2002,WATER SUPPLY (WELLS),GAMA,YUBA,5,SACRAMENTO VALLEY - NORTH YUBA (5-21.60),3,4
YUB 317,YUB 317,39.052,-121.552,TCPR123,<,0.5,UG/L,5/14/2002,WATER SUPPLY (WELLS),GAMA,YUBA,5,SACRAMENTO VALLEY - SOUTH YUBA (5-21.61),3,4
YUB 241,YUB 241,39.342,-121.282,TCPR123,<,0.5,UG/L,4/29/2002,WATER SUPPLY (WELLS),GAMA,YUBA,5,NO BASIN FOUND,3,4
YUB 307,YUB 307,39.193,-121.509,TCPR123,<,0.5,UG/L,5/20/2002,WATER SUPPLY (WELLS),GAMA,YUBA,5,SACRAMENTO VALLEY - NORTH YUBA (5-21.60),3,4
YUB 208,YUB 208,39.178,-121.596,TCPR123,<,0.5,UG/L,5/13/2002,WATER SUPPLY (WELLS),GAMA,YUBA,5,SACRAMENTO VALLEY - NORTH YUBA (5-21.60),3,4
YUB 238,YUB 238,39.337,-121.277,TCPR123,<,0.5,UG/L,5/28/2002,WATER SUPPLY (WELLS),GAMA,YUBA,5,NO BASIN FOUND,3,4
YUB 200,YUB 200,39.056,-121.559,TCPR123,<,0.5,UG/L,5/29/2002,WATER SUPPLY (WELLS),GAMA,YUBA,5,SACRAMENTO VALLEY - SOUTH YUBA (5-21.61),3,4
YUB 201,YUB 201,39.051,-121.569,TCPR123,<,0.5,UG/L,5/13/2002,WATER SUPPLY (WELLS),GAMA,YUBA,5,SACRAMENTO VALLEY - SOUTH YUBA (5-21.61),3,4
YUB 229,YUB 229,39.304,-121.4,TCPR123,<,0.5,UG/L,5/20/2002,WATER SUPPLY (WELLS),GAMA,YUBA,5,NO BASIN FOUND,3,4
YUB 297,YUB 297,39.309,-121.278,TCPR123,<,0.5,UG/L,6/14/2002,WATER SUPPLY (WELLS),GAMA,YUBA,5,NO BASIN FOUND,3,4
YUB 278,YUB 278,39.296,-121.44,TCPR123,<,0.5,UG/L,5/14/2002,WATER SUPPLY (WELLS),GAMA,YUBA,5,NO BASIN FOUND,3,4
YUB 266,YUB 266,39.442,-121.268,TCPR123,<,0.5,UG/L,6/3/2002,WATER SUPPLY (WELLS),GAMA,YUBA,5,NO BASIN FOUND,3,4
YUB 327P,YUB 327P,39.186,-120.949,TCPR123,<,0.5,UG/L,1/11/2002,WATER SUPPLY (WELLS),GAMA,NEVADA,5,NO BASIN FOUND,1,1
ED 695,ED 695,39.21,-120.978,TCPR123,<,1,UG/L,6/10/2004,WATER SUPPLY (WELLS),GAMA,NEVADA,5,NO BASIN FOUND,1,1
YUB 326P,YUB 326P,39.187,-120.947,TCPR123,<,0.5,UG/L,1/11/2002,WATER SUPPLY (WELLS),GAMA,NEVADA,5,NO BASIN FOUND,1,1
YUB 324P,YUB 324P,39.029,-121.007,TCPR123,<,0.5,UG/L,1/9/2002,WATER SUPPLY (WELLS),GAMA,PLACER,5,NO BASIN FOUND,1,1
YUB 249,YUB 249,38.984,-120.978,TCPR123,<,0.5,UG/L,6/13/2002,WATER SUPPLY (WELLS),GAMA,PLACER,5,NO BASIN FOUND,1,1
YUB 246,YUB 246,38.89,-121.104,TCPR123,<,0.5,UG/L,6/3/2002,WATER SUPPLY (WELLS),GAMA,PLACER,5,NO BASIN FOUND,5,1
YUB 248,YUB 248,38.898,-121.111,TCPR123,<,0.5,UG/L,6/3/2002,WATER SUPPLY (WELLS),GAMA,PLACER,5,NO BASIN FOUND,5,1
YUB 245,YUB 245,38.901,-121.445,TCPR123,<,0.5,UG/L,6/3/2002,WATER SUPPLY (WELLS),GAMA,PLACER,5,SACRAMENTO VALLEY - NORTH AMERICAN (5-21.64),6,4
YUB 247,YUB 247,38.893,-121.112,TCPR123,<,0.5,UG/L,6/3/2002,WATER SUPPLY (WELLS),GAMA,PLACER,5,NO BASIN FOUND,5,1
ED 697,ED 697,39.003,-121.263,TCPR123,<,1,UG/L,5/11/2004,WATER SUPPLY (WELLS),GAMA,PLACER,5,NO BASIN FOUND,6,4
ED 698,ED 698,39.006,-120.863,TCPR123,<,1,UG/L,5/24/2004,WATER SUPPLY (WELLS),GAMA,PLACER,5,NO BASIN FOUND,1,1
ED 699,ED 699,38.504,-121.132,TCPR123,<,1,UG/L,6/16/2004,WATER SUPPLY (WELLS),GAMA,SACRAMENTO,5,SACRAMENTO VALLEY - SOUTH AMERICAN (5-21.65),8,8
,,,,,,,,,,,,,,,
ED 658,ED 658,38.686,-120.652,TCPR123,<,1,UG/L,5/24/2004,WATER SUPPLY (WELLS),GAMA,EL DORADO,5,NO BASIN FOUND,5,1
ED 614,ED 614,38.833,-120.879,TCPR123,<,1,UG/L,5/11/2004,WATER SUPPLY (WELLS),GAMA,EL DORADO,5,NO BASIN FOUND,5,1
ED 514,ED 514,38.615,-120.741,TCPR123,<,1,UG/L,4/13/2004,WATER SUPPLY (WELLS),GAMA,EL DORADO,5,NO BASIN FOUND,5,1
ED 525,ED 525,38.694,-120.977,TCPR123,<,1,UG/L,4/21/2004,WATER SUPPLY (WELLS),GAMA,EL DORADO,5,NO BASIN FOUND,6,1
ED 684,ED 684,38.735,-120.776,TCPR123,<,1,UG/L,6/16/2004,WATER SUPPLY (WELLS),GAMA,EL DORADO,5,NO BASIN FOUND,5,1
ED 497,ED 497,38.608,-120.856,TCPR123,<,1,UG/L,4/14/2004,WATER SUPPLY (WELLS),GAMA,EL DORADO,5,NO BASIN FOUND,5,1
ED 568,ED 568,38.808,-120.805,TCPR123,<,1,UG/L,4/26/2004,WATER SUPPLY (WELLS),GAMA,EL DORADO,5,NO BASIN FOUND,5,1
ED 573,ED 573,38.629,-120.747,TCPR123,<,1,UG/L,4/26/2004,WATER SUPPLY (WELLS),GAMA,EL DORADO,5,NO BASIN FOUND,5,1
ED 616,ED 616,38.819,-121.014,TCPR123,<,1,UG/L,5/10/2004,WATER SUPPLY (WELLS),GAMA,EL DORADO,5,NO BASIN FOUND,5,1
ED 615,ED 615,38.839,-120.841,TCPR123,<,1,UG/L,5/11/2004,WATER SUPPLY (WELLS),GAMA,EL DORADO,5,NO BASIN FOUND,5,1
ED 586,ED 586,38.822,-121.035,TCPR123,<,1,UG/L,4/29/2004,WATER SUPPLY (WELLS),GAMA,EL DORADO,5,NO BASIN FOUND,5,1
ED 644,ED 644,38.904,-120.918,TCPR123,<,1,UG/L,5/19/2004,WATER SUPPLY (WELLS),GAMA,EL DORADO,5,NO BASIN FOUND,5,1
ED 517,ED 517,38.814,-120.909,TCPR123,<,1,UG/L,4/28/2004,WATER SUPPLY (WELLS),GAMA,EL DORADO,5,NO BASIN FOUND,5,1
ED 606,ED 606,38.795,-120.835,TCPR123,<,1,UG/L,5/12/2004,WATER SUPPLY (WELLS),GAMA,EL DORADO,5,NO BASIN FOUND,5,1
ED 560,ED 560,38.668,-120.876,TCPR123,<,1,UG/L,4/20/2004,WATER SUPPLY (WELLS),GAMA,EL DORADO,5,NO BASIN FOUND,5,1
ED 565,ED 565,38.775,-120.75,TCPR123,<,1,UG/L,4/27/2004,WATER SUPPLY (WELLS),GAMA,EL DORADO,5,NO BASIN FOUND,5,1
ED 500,ED 500,38.889,-120.988,TCPR123,<,1,UG/L,4/12/2004,WATER SUPPLY (WELLS),GAMA,EL DORADO,5,NO BASIN FOUND,5,1
ED 652,ED 652,38.685,-120.93,TCPR123,<,1,UG/L,5/27/2004,WATER SUPPLY (WELLS),GAMA,EL DORADO,5,NO BASIN FOUND,5,1
ED 675,ED 675,38.654,-120.75,TCPR123,<,1,UG/L,6/3/2004,WATER SUPPLY (WELLS),GAMA,EL DORADO,5,NO BASIN FOUND,5,1
ED 613,ED 613,38.823,-120.797,TCPR123,<,1,UG/L,5/6/2004,WATER SUPPLY (WELLS),GAMA,EL DORADO,5,NO BASIN FOUND,5,1
ED 672,ED 672,38.824,-121.017,TCPR123,<,1,UG/L,6/1/2004,WATER SUPPLY (WELLS),GAMA,EL DORADO,5,NO BASIN FOUND,5,1
ED 584,ED 584,38.884,-120.952,TCPR123,<,1,UG/L,4/28/2004,WATER SUPPLY (WELLS),GAMA,EL DORADO,5,NO BASIN FOUND,5,1
ED 506,ED 506,38.88,-121.001,TCPR123,<,1,UG/L,4/22/2004,WATER SUPPLY (WELLS),GAMA,EL DORADO,5,NO BASIN FOUND,5,1
ED 505,ED 505,38.864,-121.009,TCPR123,<,1,UG/L,4/22/2004,WATER SUPPLY (WELLS),GAMA,EL DORADO,5,NO BASIN FOUND,5,1
ED 495,ED 495,38.66,-120.859,TCPR123,<,1,UG/L,4/20/2004,WATER SUPPLY (WELLS),GAMA,EL DORADO,5,NO BASIN FOUND,5,1
ED 534,ED 534,38.58,-120.744,TCPR123,<,1,UG/L,4/13/2004,WATER SUPPLY (WELLS),GAMA,EL DORADO,5,NO BASIN FOUND,5,1
ED 567,ED 567,38.793,-120.809,TCPR123,<,1,UG/L,4/26/2004,WATER SUPPLY (WELLS),GAMA,EL DORADO,5,NO BASIN FOUND,5,1
ED 490,ED 490,38.575,-120.843,TCPR123,<,1,UG/L,4/14/2004,WATER SUPPLY (WELLS),GAMA,EL DORADO,5,NO BASIN FOUND,5,1
ED 546,ED 546,38.592,-120.796,TCPR123,<,1,UG/L,4/13/2004,WATER SUPPLY (WELLS),GAMA,EL DORADO,5,NO BASIN FOUND,5,1
ED 690,ED 690,38.827,-120.825,TCPR123,<,1,UG/L,6/9/2004,WATER SUPPLY (WELLS),GAMA,EL DORADO,5,NO BASIN FOUND,5,1
ED 611,ED 611,38.783,-120.966,TCPR123,<,1,UG/L,5/5/2004,WATER SUPPLY (WELLS),GAMA,EL DORADO,5,NO BASIN FOUND,5,1
ED 626,ED 626,38.691,-120.961,TCPR123,<,1,UG/L,5/12/2004,WATER SUPPLY (WELLS),GAMA,EL DORADO,5,NO BASIN FOUND,5,1
ED 630,ED 630,38.928,-120.919,TCPR123,<,1,UG/L,5/12/2004,WATER SUPPLY (WELLS),GAMA,EL DORADO,5,NO BASIN FOUND,5,1
YUB 251,YUB 251,38.789,-120.996,TCPR123,<,0.5,UG/L,6/13/2002,WATER SUPPLY (WELLS),GAMA,EL DORADO,5,NO BASIN FOUND,5,1
YUB 325P,YUB 325P,38.689,-120.645,TCPR123,<,0.5,UG/L,1/11/2002,WATER SUPPLY (WELLS),GAMA,EL DORADO,5,NO BASIN FOUND,5,1
ED 552,ED 552,38.659,-120.906,TCPR123,<,1,UG/L,5/5/2004,WATER SUPPLY (WELLS),GAMA,EL DORADO,5,NO BASIN FOUND,5,1
ED 504,ED 504,38.889,-120.993,TCPR123,<,1,UG/L,4/22/2004,WATER SUPPLY (WELLS),GAMA,EL DORADO,5,NO BASIN FOUND,5,1
ED 515,ED 515,38.804,-120.931,TCPR123,<,1,UG/L,4/15/2004,WATER SUPPLY (WELLS),GAMA,EL DORADO,5,NO BASIN FOUND,5,1
ED 678,ED 678,38.815,-120.792,TCPR123,<,1,UG/L,6/2/2004,WATER SUPPLY (WELLS),GAMA,EL DORADO,5,NO BASIN FOUND,5,1
ED 574,ED 574,38.887,-120.953,TCPR123,<,1,UG/L,4/28/2004,WATER SUPPLY (WELLS),GAMA,EL DORADO,5,NO BASIN FOUND,5,1
ED 617,ED 617,38.818,-121.012,TCPR123,<,1,UG/L,5/14/2004,WATER SUPPLY (WELLS),GAMA,EL DORADO,5,NO BASIN FOUND,5,1
ED 589,ED 589,38.54,-120.718,TCPR123,<,1,UG/L,5/7/2004,WATER SUPPLY (WELLS),GAMA,EL DORADO,5,NO BASIN FOUND,5,1
ED 588,ED 588,38.777,-121.037,TCPR123,<,1,UG/L,4/29/2004,WATER SUPPLY (WELLS),GAMA,EL DORADO,5,NO BASIN FOUND,5,1
ED 605,ED 605,38.866,-120.826,TCPR123,<,1,UG/L,5/6/2004,WATER SUPPLY (WELLS),GAMA,EL DORADO,5,NO BASIN FOUND,5,1
ED 535,ED 535,38.592,-120.709,TCPR123,<,1,UG/L,4/13/2004,WATER SUPPLY (WELLS),GAMA,EL DORADO,5,NO BASIN FOUND,5,1
ED 673,ED 673,38.84,-121.033,TCPR123,<,1,UG/L,6/1/2004,WATER SUPPLY (WELLS),GAMA,EL DORADO,5,NO BASIN FOUND,5,1
YUB 322P,YUB 322P,38.801,-120.903,TCPR123,<,0.5,UG/L,1/8/2002,WATER SUPPLY (WELLS),GAMA,EL DORADO,5,NO BASIN FOUND,5,1
ED 577,ED 577,38.824,-121.013,TCPR123,<,1,UG/L,5/14/2004,WATER SUPPLY (WELLS),GAMA,EL DORADO,5,NO BASIN FOUND,5,1
ED 633,ED 633,38.824,-121.007,TCPR123,<,1,UG/L,5/10/2004,WATER SUPPLY (WELLS),GAMA,EL DORADO,5,NO BASIN FOUND,5,1
ED 632,ED 632,38.827,-121.009,TCPR123,<,1,UG/L,5/10/2004,WATER SUPPLY (WELLS),GAMA,EL DORADO,5,NO BASIN FOUND,5,1
ED 653,ED 653,38.816,-120.99,TCPR123,<,1,UG/L,6/1/2004,WATER SUPPLY (WELLS),GAMA,EL DORADO,5,NO BASIN FOUND,5,1
ED 561,ED 561,38.876,-120.987,TCPR123,<,1,UG/L,4/22/2004,WATER SUPPLY (WELLS),GAMA,EL DORADO,5,NO BASIN FOUND,5,1
ED 692,ED 692,38.744,-120.958,TCPR123,<,1,UG/L,6/12/2004,WATER SUPPLY (WELLS),GAMA,EL DORADO,5,NO BASIN FOUND,5,1
ED 642,ED 642,38.583,-120.933,TCPR123,<,1,UG/L,5/21/2004,WATER SUPPLY (WELLS),GAMA,EL DORADO,5,NO BASIN FOUND,6,1
ED 636,ED 636,38.927,-120.911,TCPR123,<,1,UG/L,5/19/2004,WATER SUPPLY (WELLS),GAMA,EL DORADO,5,NO BASIN FOUND,5,1
ED 575,ED 575,38.631,-120.847,TCPR123,<,1,UG/L,4/22/2004,WATER SUPPLY (WELLS),GAMA,EL DORADO,5,NO BASIN FOUND,5,1
ED 547,ED 547,38.638,-120.737,TCPR123,<,1,UG/L,4/13/2004,WATER SUPPLY (WELLS),GAMA,EL DORADO,5,NO BASIN FOUND,5,1
ED 639,ED 639,38.789,-121.033,TCPR123,<,1,UG/L,5/20/2004,WATER SUPPLY (WELLS),GAMA,EL DORADO,5,NO BASIN FOUND,5,1
ED 544,ED 544,38.829,-121.037,TCPR123,<,1,UG/L,4/14/2004,WATER SUPPLY (WELLS),GAMA,EL DORADO,5,NO BASIN FOUND,5,1
ED 583,ED 583,38.679,-120.848,TCPR123,<,1,UG/L,4/26/2004,WATER SUPPLY (WELLS),GAMA,EL DORADO,5,NO BASIN FOUND,5,1
ED 579,ED 579,38.689,-120.948,TCPR123,<,1,UG/L,4/27/2004,WATER SUPPLY (WELLS),GAMA,EL DORADO,5,NO BASIN FOUND,5,1
ED 582,ED 582,38.803,-120.798,TCPR123,<,1,UG/L,4/26/2004,WATER SUPPLY (WELLS),GAMA,EL DORADO,5,NO BASIN FOUND,5,1
ED 668,ED 668,38.805,-120.917,TCPR123,<,1,UG/L,5/26/2004,WATER SUPPLY (WELLS),GAMA,EL DORADO,5,NO BASIN FOUND,5,1
ED 538,ED 538,38.77,-120.755,TCPR123,<,1,UG/L,4/27/2004,WATER SUPPLY (WELLS),GAMA,EL DORADO,5,NO BASIN FOUND,5,1
ED 691,ED 691,38.755,-120.961,TCPR123,<,1,UG/L,6/12/2004,WATER SUPPLY (WELLS),GAMA,EL DORADO,5,NO BASIN FOUND,5,1
ED 529,ED 529,38.671,-120.889,TCPR123,<,1,UG/L,4/23/2004,WATER SUPPLY (WELLS),GAMA,EL DORADO,5,NO BASIN FOUND,5,1
ED 553,ED 553,38.64,-120.866,TCPR123,<,1,UG/L,4/20/2004,WATER SUPPLY (WELLS),GAMA,EL DORADO,5,NO BASIN FOUND,5,1
ED 631,ED 631,38.921,-120.916,TCPR123,<,1,UG/L,5/12/2004,WATER SUPPLY (WELLS),GAMA,EL DORADO,5,NO BASIN FOUND,5,1
ED 654,ED 654,38.816,-120.793,TCPR123,<,1,UG/L,6/2/2004,WATER SUPPLY (WELLS),GAMA,EL DORADO,5,NO BASIN FOUND,5,1
ED 651,ED 651,38.879,-120.998,TCPR123,<,1,UG/L,5/20/2004,WATER SUPPLY (WELLS),GAMA,EL DORADO,5,NO BASIN FOUND,5,1
ED 499,ED 499,38.674,-120.733,TCPR123,<,1,UG/L,4/13/2004,WATER SUPPLY (WELLS),GAMA,EL DORADO,5,NO BASIN FOUND,5,1
ED 498,ED 498,38.641,-120.83,TCPR123,<,1,UG/L,4/14/2004,WATER SUPPLY (WELLS),GAMA,EL DORADO,5,NO BASIN FOUND,5,1
ED 511,ED 511,38.865,-121.025,TCPR123,<,1,UG/L,4/12/2004,WATER SUPPLY (WELLS),GAMA,EL DORADO,5,NO BASIN FOUND,5,1
ED 599,ED 599,38.843,-121.031,TCPR123,<,1,UG/L,5/4/2004,WATER SUPPLY (WELLS),GAMA,EL DORADO,5,NO BASIN FOUND,5,1
ED 585,ED 585,38.801,-120.902,TCPR123,<,1,UG/L,4/28/2004,WATER SUPPLY (WELLS),GAMA,EL DORADO,5,NO BASIN FOUND,5,1
ED 509,ED 509,38.668,-120.829,TCPR123,<,1,UG/L,4/20/2004,WATER SUPPLY (WELLS),GAMA,EL DORADO,5,NO BASIN FOUND,5,1
ED 587,ED 587,38.827,-121.026,TCPR123,<,1,UG/L,4/29/2004,WATER SUPPLY (WELLS),GAMA,EL DORADO,5,NO BASIN FOUND,5,1
ED 607,ED 607,38.789,-120.85,TCPR123,<,1,UG/L,5/6/2004,WATER SUPPLY (WELLS),GAMA,EL DORADO,5,NO BASIN FOUND,5,1
ED 590,ED 590,38.545,-120.712,TCPR123,<,1,UG/L,5/7/2004,WATER SUPPLY (WELLS),GAMA,EL DORADO,5,NO BASIN FOUND,5,1
ED 609,ED 609,38.85,-121.028,TCPR123,<,1,UG/L,5/6/2004,WATER SUPPLY (WELLS),GAMA,EL DORADO,5,NO BASIN FOUND,5,1
ED 510,ED 510,38.877,-121.021,TCPR123,<,1,UG/L,4/12/2004,WATER SUPPLY (WELLS),GAMA,EL DORADO,5,NO BASIN FOUND,5,1
ED 551,ED 551,38.842,-121.017,TCPR123,<,1,UG/L,5/4/2004,WATER SUPPLY (WELLS),GAMA,EL DORADO,5,NO BASIN FOUND,5,1
ED 681,ED 681,38.786,-120.828,TCPR123,<,1,UG/L,6/2/2004,WATER SUPPLY (WELLS),GAMA,EL DORADO,5,NO BASIN FOUND,5,1
ED 494,ED 494,38.65,-120.876,TCPR123,<,1,UG/L,4/20/2004,WATER SUPPLY (WELLS),GAMA,EL DORADO,5,NO BASIN FOUND,5,1
ED 656,ED 656,38.82,-121.072,TCPR123,<,1,UG/L,5/24/2004,WATER SUPPLY (WELLS),GAMA,EL DORADO,5,NO BASIN FOUND,6,1
ED 618,ED 618,38.703,-120.956,TCPR123,<,1,UG/L,5/12/2004,WATER SUPPLY (WELLS),GAMA,EL DORADO,5,NO BASIN FOUND,5,1
ED 662,ED 662,38.893,-120.983,TCPR123,<,1,UG/L,5/25/2004,WATER SUPPLY (WELLS),GAMA,EL DORADO,5,NO BASIN FOUND,5,1
ED 638,ED 638,38.905,-120.904,TCPR123,<,1,UG/L,5/19/2004,WATER SUPPLY (WELLS),GAMA,EL DORADO,5,NO BASIN FOUND,5,1
ED 536,ED 536,38.587,-120.735,TCPR123,<,1,UG/L,4/13/2004,WATER SUPPLY (WELLS),GAMA,EL DORADO,5,NO BASIN FOUND,5,1
ED 649,ED 649,38.592,-120.744,TCPR123,<,1,UG/L,5/18/2004,WATER SUPPLY (WELLS),GAMA,EL DORADO,5,NO BASIN FOUND,5,1
ED 521,ED 521,38.587,-120.851,TCPR123,<,1,UG/L,4/22/2004,WATER SUPPLY (WELLS),GAMA,EL DORADO,5,NO BASIN FOUND,5,1
ED 520,ED 520,38.668,-120.821,TCPR123,<,1,UG/L,4/12/2004,WATER SUPPLY (WELLS),GAMA,EL DORADO,5,NO BASIN FOUND,5,1
ED 627,ED 627,38.851,-121.032,TCPR123,<,1,UG/L,5/20/2004,WATER SUPPLY (WELLS),GAMA,EL DORADO,5,NO BASIN FOUND,5,1
ED 650,ED 650,38.89,-120.94,TCPR123,<,1,UG/L,5/20/2004,WATER SUPPLY (WELLS),GAMA,EL DORADO,5,NO BASIN FOUND,5,1
ED 496,ED 496,38.605,-120.854,TCPR123,<,1,UG/L,4/23/2004,WATER SUPPLY (WELLS),GAMA,EL DORADO,5,NO BASIN FOUND,5,1
ED 528,ED 528,38.723,-120.699,TCPR123,<,1,UG/L,4/23/2004,WATER SUPPLY (WELLS),GAMA,EL DORADO,5,NO BASIN FOUND,5,1
ED 569,ED 569,38.615,-120.76,TCPR123,<,1,UG/L,4/26/2004,WATER SUPPLY (WELLS),GAMA,EL DORADO,5,NO BASIN FOUND,5,1
ED 648,ED 648,38.758,-120.988,TCPR123,<,1,UG/L,5/18/2004,WATER SUPPLY (WELLS),GAMA,EL DORADO,5,NO BASIN FOUND,5,1
ED 694,ED 694,38.795,-120.9,TCPR123,<,1,UG/L,6/17/2004,WATER SUPPLY (WELLS),GAMA,EL DORADO,5,NO BASIN FOUND,5,1
ED 503,ED 503,38.877,-120.99,TCPR123,<,1,UG/L,4/28/2004,WATER SUPPLY (WELLS),GAMA,EL DORADO,5,NO BASIN FOUND,5,1
ED 554,ED 554,38.825,-120.994,TCPR123,<,1,UG/L,6/1/2004,WATER SUPPLY (WELLS),GAMA,EL DORADO,5,NO BASIN FOUND,5,1
ED 518,ED 518,38.811,-120.935,TCPR123,<,1,UG/L,4/26/2004,WATER SUPPLY (WELLS),GAMA,EL DORADO,5,NO BASIN FOUND,5,1
ED 592,ED 592,38.63,-120.707,TCPR123,<,1,UG/L,5/7/2004,WATER SUPPLY (WELLS),GAMA,EL DORADO,5,NO BASIN FOUND,5,1
ED 674,ED 674,38.644,-120.912,TCPR123,<,1,UG/L,6/3/2004,WATER SUPPLY (WELLS),GAMA,EL DORADO,5,NO BASIN FOUND,5,1
ED 621,ED 621,38.765,-120.986,TCPR123,<,1,UG/L,5/18/2004,WATER SUPPLY (WELLS),GAMA,EL DORADO,5,NO BASIN FOUND,5,1
ED 686,ED 686,38.801,-121.044,TCPR123,<,1,UG/L,6/2/2004,WATER SUPPLY (WELLS),GAMA,EL DORADO,5,NO BASIN FOUND,5,1
ED 628,ED 628,38.806,-121.01,TCPR123,<,1,UG/L,5/10/2004,WATER SUPPLY (WELLS),GAMA,EL DORADO,5,NO BASIN FOUND,5,1
ED 641,ED 641,38.605,-120.928,TCPR123,<,1,UG/L,5/21/2004,WATER SUPPLY (WELLS),GAMA,EL DORADO,5,NO BASIN FOUND,5,1
ED 519,ED 519,38.669,-120.816,TCPR123,<,1,UG/L,4/12/2004,WATER SUPPLY (WELLS),GAMA,EL DORADO,5,NO BASIN FOUND,5,1
ED 578,ED 578,38.801,-120.815,TCPR123,<,1,UG/L,4/26/2004,WATER SUPPLY (WELLS),GAMA,EL DORADO,5,NO BASIN FOUND,5,1
ED 508,ED 508,38.666,-120.824,TCPR123,<,1,UG/L,4/20/2004,WATER SUPPLY (WELLS),GAMA,EL DORADO,5,NO BASIN FOUND,5,1
ED 676,ED 676,38.582,-120.925,TCPR123,<,1,UG/L,6/3/2004,WATER SUPPLY (WELLS),GAMA,EL DORADO,5,NO BASIN FOUND,6,1
YUB 323P,YUB 323P,38.605,-120.969,TCPR123,<,0.5,UG/L,1/8/2002,WATER SUPPLY (WELLS),GAMA,EL DORADO,5,NO BASIN FOUND,6,1
ED 594,ED 594,38.694,-120.949,TCPR123,<,1,UG/L,5/5/2004,WATER SUPPLY (WELLS),GAMA,EL DORADO,5,NO BASIN FOUND,5,1
ED 597,ED 597,38.841,-121.03,TCPR123,<,1,UG/L,5/4/2004,WATER SUPPLY (WELLS),GAMA,EL DORADO,5,NO BASIN FOUND,5,1
ED 670,ED 670,38.82,-120.9,TCPR123,<,1,UG/L,5/26/2004,WATER SUPPLY (WELLS),GAMA,EL DORADO,5,NO BASIN FOUND,5,1
ED 669,ED 669,38.793,-120.913,TCPR123,<,1,UG/L,5/26/2004,WATER SUPPLY (WELLS),GAMA,EL DORADO,5,NO BASIN FOUND,5,1
ED 512,ED 512,38.64,-120.811,TCPR123,<,1,UG/L,4/20/2004,WATER SUPPLY (WELLS),GAMA,EL DORADO,5,NO BASIN FOUND,5,1
ED 655,ED 655,38.824,-121.004,TCPR123,<,1,UG/L,5/24/2004,WATER SUPPLY (WELLS),GAMA,EL DORADO,5,NO BASIN FOUND,5,1
ED 661,ED 661,38.884,-120.967,TCPR123,<,1,UG/L,5/25/2004,WATER SUPPLY (WELLS),GAMA,EL DORADO,5,NO BASIN FOUND,5,1
ED 665,ED 665,38.686,-120.962,TCPR123,<,1,UG/L,5/27/2004,WATER SUPPLY (WELLS),GAMA,EL DORADO,5,NO BASIN FOUND,5,1
ED 491,ED 491,38.562,-120.848,TCPR123,<,1,UG/L,4/14/2004,WATER SUPPLY (WELLS),GAMA,EL DORADO,5,NO BASIN FOUND,5,1
ED 522,ED 522,38.637,-121.05,TCPR123,<,1,UG/L,4/21/2004,WATER SUPPLY (WELLS),GAMA,EL DORADO,5,NO BASIN FOUND,6,1
ED 532,ED 532,38.825,-121.055,TCPR123,<,1,UG/L,5/10/2004,WATER SUPPLY (WELLS),GAMA,EL DORADO,5,NO BASIN FOUND,6,1
ED 530,ED 530,38.62,-120.723,TCPR123,<,1,UG/L,4/12/2004,WATER SUPPLY (WELLS),GAMA,EL DORADO,5,NO BASIN FOUND,5,1
ED 542,ED 542,38.797,-121.015,TCPR123,<,1,UG/L,4/12/2004,WATER SUPPLY (WELLS),GAMA,EL DORADO,5,NO BASIN FOUND,5,1
ED 600,ED 600,38.749,-120.781,TCPR123,<,1,UG/L,5/5/2004,WATER SUPPLY (WELLS),GAMA,EL DORADO,5,NO BASIN FOUND,5,1
ED 643,ED 643,38.601,-120.921,TCPR123,<,1,UG/L,5/21/2004,WATER SUPPLY (WELLS),GAMA,EL DORADO,5,NO BASIN FOUND,5,1
ED 677,ED 677,38.62,-120.915,TCPR123,<,1,UG/L,6/12/2004,WATER SUPPLY (WELLS),GAMA,EL DORADO,5,NO BASIN FOUND,5,1
ED 625,ED 625,38.692,-120.965,TCPR123,<,1,UG/L,5/12/2004,WATER SUPPLY (WELLS),GAMA,EL DORADO,5,NO BASIN FOUND,5,1
YUB 319P,YUB 319P,38.664,-120.67,TCPR123,<,0.5,UG/L,1/7/2002,WATER SUPPLY (WELLS),GAMA,EL DORADO,5,NO BASIN FOUND,5,1
ED 623,ED 623,38.694,-120.958,TCPR123,<,1,UG/L,5/10/2004,WATER SUPPLY (WELLS),GAMA,EL DORADO,5,NO BASIN FOUND,5,1
ED 635,ED 635,38.832,-121.06,TCPR123,<,1,UG/L,5/10/2004,WATER SUPPLY (WELLS),GAMA,EL DORADO,5,NO BASIN FOUND,6,1
ED 679,ED 679,38.668,-120.964,TCPR123,<,1,UG/L,6/2/2004,WATER SUPPLY (WELLS),GAMA,EL DORADO,5,NO BASIN FOUND,5,1
ED 593,ED 593,38.675,-120.958,TCPR123,<,1,UG/L,5/12/2004,WATER SUPPLY (WELLS),GAMA,EL DORADO,5,NO BASIN FOUND,5,1
ED 548,ED 548,38.661,-120.628,TCPR123,<,1,UG/L,4/12/2004,WATER SUPPLY (WELLS),GAMA,EL DORADO,5,NO BASIN FOUND,5,1
ED 689,ED 689,38.824,-121.054,TCPR123,<,1,UG/L,6/7/2004,WATER SUPPLY (WELLS),GAMA,EL DORADO,5,NO BASIN FOUND,6,1
ED 576,ED 576,38.689,-120.948,TCPR123,<,1,UG/L,5/5/2004,WATER SUPPLY (WELLS),GAMA,EL DORADO,5,NO BASIN FOUND,5,1
ED 604,ED 604,38.808,-120.802,TCPR123,<,1,UG/L,5/4/2004,WATER SUPPLY (WELLS),GAMA,EL DORADO,5,NO BASIN FOUND,5,1
ED 624,ED 624,38.836,-120.994,TCPR123,<,1,UG/L,5/10/2004,WATER SUPPLY (WELLS),GAMA,EL DORADO,5,NO BASIN FOUND,5,1
ED 556,ED 556,38.818,-121.013,TCPR123,<,1,UG/L,4/21/2004,WATER SUPPLY (WELLS),GAMA,EL DORADO,5,NO BASIN FOUND,5,1
ED 527,ED 527,38.7,-120.976,TCPR123,<,1,UG/L,4/21/2004,WATER SUPPLY (WELLS),GAMA,EL DORADO,5,NO BASIN FOUND,5,1
ED 570,ED 570,38.831,-120.998,TCPR123,<,1,UG/L,4/28/2004,WATER SUPPLY (WELLS),GAMA,EL DORADO,5,NO BASIN FOUND,5,1
ED 647,ED 647,38.809,-121.02,TCPR123,<,1,UG/L,5/14/2004,WATER SUPPLY (WELLS),GAMA,EL DORADO,5,NO BASIN FOUND,5,1
ED 685,ED 685,38.799,-120.838,TCPR123,<,1,UG/L,6/12/2004,WATER SUPPLY (WELLS),GAMA,EL DORADO,5,NO BASIN FOUND,5,1
ED 516,ED 516,38.818,-120.902,TCPR123,<,1,UG/L,4/15/2004,WATER SUPPLY (WELLS),GAMA,EL DORADO,5,NO BASIN FOUND,5,1
ED 620,ED 620,38.691,-120.956,TCPR123,<,1,UG/L,5/12/2004,WATER SUPPLY (WELLS),GAMA,EL DORADO,5,NO BASIN FOUND,5,1
ED 562,ED 562,38.813,-121.02,TCPR123,<,1,UG/L,4/29/2004,WATER SUPPLY (WELLS),GAMA,EL DORADO,5,NO BASIN FOUND,5,1
ED 539,ED 539,38.802,-120.772,TCPR123,<,1,UG/L,4/27/2004,WATER SUPPLY (WELLS),GAMA,EL DORADO,5,NO BASIN FOUND,5,1
ED 540,ED 540,38.618,-120.758,TCPR123,<,1,UG/L,4/13/2004,WATER SUPPLY (WELLS),GAMA,EL DORADO,5,NO BASIN FOUND,5,1
YUB 321P,YUB 321P,38.685,-120.753,TCPR123,<,0.5,UG/L,1/7/2002,WATER SUPPLY (WELLS),GAMA,EL DORADO,5,NO BASIN FOUND,5,1
ED 659,ED 659,38.697,-120.653,TCPR123,<,1,UG/L,5/24/2004,WATER SUPPLY (WELLS),GAMA,EL DORADO,5,NO BASIN FOUND,5,1
ED 603,ED 603,38.822,-120.832,TCPR123,<,1,UG/L,5/4/2004,WATER SUPPLY (WELLS),GAMA,EL DORADO,5,NO BASIN FOUND,5,1
ED 555,ED 555,38.816,-121.002,TCPR123,<,1,UG/L,4/21/2004,WATER SUPPLY (WELLS),GAMA,EL DORADO,5,NO BASIN FOUND,5,1
ED 598,ED 598,38.842,-121.016,TCPR123,<,1,UG/L,5/4/2004,WATER SUPPLY (WELLS),GAMA,EL DORADO,5,NO BASIN FOUND,5,1
ED 680,ED 680,38.82,-120.887,TCPR123,<,1,UG/L,6/8/2004,WATER SUPPLY (WELLS),GAMA,EL DORADO,5,NO BASIN FOUND,5,1
ED 513,ED 513,38.823,-120.9,TCPR123,<,1,UG/L,4/14/2004,WATER SUPPLY (WELLS),GAMA,EL DORADO,5,NO BASIN FOUND,5,1
ED 595,ED 595,38.652,-120.91,TCPR123,<,1,UG/L,5/5/2004,WATER SUPPLY (WELLS),GAMA,EL DORADO,5,NO BASIN FOUND,5,1
ED 572,ED 572,38.815,-121.032,TCPR123,<,1,UG/L,4/28/2004,WATER SUPPLY (WELLS),GAMA,EL DORADO,5,NO BASIN FOUND,5,1
ED 493,ED 493,38.612,-120.852,TCPR123,<,1,UG/L,4/23/2004,WATER SUPPLY (WELLS),GAMA,EL DORADO,5,NO BASIN FOUND,5,1
ED 507,ED 507,38.87,-120.974,TCPR123,<,1,UG/L,4/22/2004,WATER SUPPLY (WELLS),GAMA,EL DORADO,5,NO BASIN FOUND,5,1
ED 537,ED 537,38.621,-120.725,TCPR123,<,1,UG/L,4/13/2004,WATER SUPPLY (WELLS),GAMA,EL DORADO,5,NO BASIN FOUND,5,1
ED 629,ED 629,38.758,-120.98,TCPR123,<,1,UG/L,5/18/2004,WATER SUPPLY (WELLS),GAMA,EL DORADO,5,NO BASIN FOUND,5,1
ED 667,ED 667,38.803,-120.92,TCPR123,<,1,UG/L,5/26/2004,WATER SUPPLY (WELLS),GAMA,EL DORADO,5,NO BASIN FOUND,5,1
ED 526,ED 526,38.689,-120.986,TCPR123,<,1,UG/L,4/21/2004,WATER SUPPLY (WELLS),GAMA,EL DORADO,5,NO BASIN FOUND,6,1
ED 664,ED 664,38.797,-120.909,TCPR123,<,1,UG/L,5/26/2004,WATER SUPPLY (WELLS),GAMA,EL DORADO,5,NO BASIN FOUND,5,1
ED 687,ED 687,38.635,-120.71,TCPR123,<,1,UG/L,6/7/2004,WATER SUPPLY (WELLS),GAMA,EL DORADO,5,NO BASIN FOUND,5,1
ED 580,ED 580,38.691,-120.959,TCPR123,<,1,UG/L,4/27/2004,WATER SUPPLY (WELLS),GAMA,EL DORADO,5,NO BASIN FOUND,5,1
ED 619,ED 619,38.693,-120.956,TCPR123,<,1,UG/L,5/12/2004,WATER SUPPLY (WELLS),GAMA,EL DORADO,5,NO BASIN FOUND,5,1
ED 524,ED 524,38.701,-120.975,TCPR123,<,1,UG/L,4/21/2004,WATER SUPPLY (WELLS),GAMA,EL DORADO,5,NO BASIN FOUND,6,1
ED 543,ED 543,38.813,-121.031,TCPR123,<,1,UG/L,4/15/2004,WATER SUPPLY (WELLS),GAMA,EL DORADO,5,NO BASIN FOUND,5,1
ED 602,ED 602,38.809,-120.832,TCPR123,<,1,UG/L,5/4/2004,WATER SUPPLY (WELLS),GAMA,EL DORADO,5,NO BASIN FOUND,5,1
ED 550,ED 550,38.829,-121.04,TCPR123,<,1,UG/L,4/29/2004,WATER SUPPLY (WELLS),GAMA,EL DORADO,5,NO BASIN FOUND,5,1
ED 610,ED 610,38.844,-121.027,TCPR123,<,1,UG/L,5/6/2004,WATER SUPPLY (WELLS),GAMA,EL DORADO,5,NO BASIN FOUND,5,1
ED 663,ED 663,38.897,-120.92,TCPR123,<,1,UG/L,5/25/2004,WATER SUPPLY (WELLS),GAMA,EL DORADO,5,NO BASIN FOUND,5,1
ED 563,ED 563,38.601,-120.719,TCPR123,<,1,UG/L,4/27/2004,WATER SUPPLY (WELLS),GAMA,EL DORADO,5,NO BASIN FOUND,5,1
ED 640,ED 640,38.616,-120.924,TCPR123,<,1,UG/L,5/21/2004,WATER SUPPLY (WELLS),GAMA,EL DORADO,5,NO BASIN FOUND,5,1
ED 523,ED 523,38.653,-120.773,TCPR123,<,1,UG/L,4/20/2004,WATER SUPPLY (WELLS),GAMA,EL DORADO,5,NO BASIN FOUND,5,1
ED 696,ED 696,38.547,-120.711,TCPR123,<,1,UG/L,5/18/2004,WATER SUPPLY (WELLS),GAMA,EL DORADO,5,NO BASIN FOUND,5,1
ED 502,ED 502,38.861,-120.989,TCPR123,<,1,UG/L,4/14/2004,WATER SUPPLY (WELLS),GAMA,EL DORADO,5,NO BASIN FOUND,5,1
ED 596,ED 596,38.658,-120.889,TCPR123,<,1,UG/L,5/5/2004,WATER SUPPLY (WELLS),GAMA,EL DORADO,5,NO BASIN FOUND,5,1
ED 591,ED 591,38.589,-120.659,TCPR123,<,1,UG/L,5/7/2004,WATER SUPPLY (WELLS),GAMA,EL DORADO,5,NO BASIN FOUND,5,1
ED 608,ED 608,38.784,-121.036,TCPR123,<,1,UG/L,5/6/2004,WATER SUPPLY (WELLS),GAMA,EL DORADO,5,NO BASIN FOUND,5,1
ED 558,ED 558,38.628,-120.74,TCPR123,<,1,UG/L,4/20/2004,WATER SUPPLY (WELLS),GAMA,EL DORADO,5,NO BASIN FOUND,5,1
ED 657,ED 657,38.692,-120.655,TCPR123,<,1,UG/L,5/24/2004,WATER SUPPLY (WELLS),GAMA,EL DORADO,5,NO BASIN FOUND,5,1
ED 571,ED 571,38.82,-121.017,TCPR123,<,1,UG/L,4/28/2004,WATER SUPPLY (WELLS),GAMA,EL DORADO,5,NO BASIN FOUND,5,1
ED 634,ED 634,38.91,-120.897,TCPR123,<,1,UG/L,5/12/2004,WATER SUPPLY (WELLS),GAMA,EL DORADO,5,NO BASIN FOUND,5,1
ED 646,ED 646,38.818,-121.016,TCPR123,<,1,UG/L,5/14/2004,WATER SUPPLY (WELLS),GAMA,EL DORADO,5,NO BASIN FOUND,5,1
ED 693,ED 693,38.797,-120.915,TCPR123,<,1,UG/L,6/17/2004,WATER SUPPLY (WELLS),GAMA,EL DORADO,5,NO BASIN FOUND,5,1
ED 492,ED 492,38.654,-120.84,TCPR123,<,1,UG/L,4/14/2004,WATER SUPPLY (WELLS),GAMA,EL DORADO,5,NO BASIN FOUND,5,1
ED 622,ED 622,38.821,-121.051,TCPR123,<,1,UG/L,5/10/2004,WATER SUPPLY (WELLS),GAMA,EL DORADO,5,NO BASIN FOUND,6,1
ED 533,ED 533,38.826,-121.013,TCPR123,<,1,UG/L,5/14/2004,WATER SUPPLY (WELLS),GAMA,EL DORADO,5,NO BASIN FOUND,5,1
ED 601,ED 601,38.82,-120.835,TCPR123,<,1,UG/L,5/4/2004,WATER SUPPLY (WELLS),GAMA,EL DORADO,5,NO BASIN FOUND,5,1
ED 637,ED 637,38.934,-120.918,TCPR123,<,1,UG/L,5/19/2004,WATER SUPPLY (WELLS),GAMA,EL DORADO,5,NO BASIN FOUND,5,1
ED 688,ED 688,38.815,-120.893,TCPR123,<,1,UG/L,6/8/2004,WATER SUPPLY (WELLS),GAMA,EL DORADO,5,NO BASIN FOUND,5,1
ED 549,ED 549,38.855,-121.015,TCPR123,<,1,UG/L,4/12/2004,WATER SUPPLY (WELLS),GAMA,EL DORADO,5,NO BASIN FOUND,5,1
ED 559,ED 559,38.593,-120.711,TCPR123,<,1,UG/L,4/20/2004,WATER SUPPLY (WELLS),GAMA,EL DORADO,5,NO BASIN FOUND,5,1
ED 501,ED 501,38.864,-120.945,TCPR123,<,1,UG/L,4/14/2004,WATER SUPPLY (WELLS),GAMA,EL DORADO,5,NO BASIN FOUND,5,1
ED 564,ED 564,38.828,-121.003,TCPR123,<,1,UG/L,4/28/2004,WATER SUPPLY (WELLS),GAMA,EL DORADO,5,NO BASIN FOUND,5,1
ED 660,ED 660,38.718,-120.874,TCPR123,<,1,UG/L,5/24/2004,WATER SUPPLY (WELLS),GAMA,EL DORADO,5,NO BASIN FOUND,5,1
ED 566,ED 566,38.771,-120.765,TCPR123,<,1,UG/L,4/27/2004,WATER SUPPLY (WELLS),GAMA,EL DORADO,5,NO BASIN FOUND,5,1
ED 645,ED 645,38.814,-121.009,TCPR123,<,1,UG/L,5/14/2004,WATER SUPPLY (WELLS),GAMA,EL DORADO,5,NO BASIN FOUND,5,1
ED 541,ED 541,38.611,-120.708,TCPR123,<,1,UG/L,4/27/2004,WATER SUPPLY (WELLS),GAMA,EL DORADO,5,NO BASIN FOUND,5,1
ED 545,ED 545,38.624,-120.717,TCPR123,<,1,UG/L,4/12/2004,WATER SUPPLY (WELLS),GAMA,EL DORADO,5,NO BASIN FOUND,5,1
YUB 320P,YUB 320P,38.677,-120.654,TCPR123,<,0.5,UG/L,1/7/2002,WATER SUPPLY (WELLS),GAMA,EL DORADO,5,NO BASIN FOUND,5,1
ED 612,ED 612,38.846,-120.82,TCPR123,<,1,UG/L,5/6/2004,WATER SUPPLY (WELLS),GAMA,EL DORADO,5,NO BASIN FOUND,5,1
ED 581,ED 581,38.792,-120.849,TCPR123,<,1,UG/L,4/26/2004,WATER SUPPLY (WELLS),GAMA,EL DORADO,5,NO BASIN FOUND,5,1
ED 682,ED 682,38.781,-120.618,TCPR123,<,1,UG/L,6/15/2004,WATER SUPPLY (WELLS),GAMA,EL DORADO,5,NO BASIN FOUND,5,1
ED 557,ED 557,38.666,-120.742,TCPR123,<,1,UG/L,4/22/2004,WATER SUPPLY (WELLS),GAMA,EL DORADO,5,NO BASIN FOUND,5,1
ED 671,ED 671,38.855,-121.034,TCPR123,<,1,UG/L,6/1/2004,WATER SUPPLY (WELLS),GAMA,EL DORADO,5,NO BASIN FOUND,5,1
ED 683,ED 683,38.489,-120.827,TCPR123,<,1,UG/L,6/15/2004,WATER SUPPLY (WELLS),GAMA,AMADOR,5,NO BASIN FOUND,5,8
GCWC10000001,NTC10,36.649,-119.394,TCPR123,ND,0,UG/L,9/10/2015,WATER SUPPLY (WELLS),GAMA,FRESNO,5,SAN JOAQUIN VALLEY - KINGS (5-22.08),31,14
GA0000000941,TUL1200,36.747,-119.662,TCPR123,ND,0,UG/L,4/18/2006,WATER SUPPLY (WELLS),GAMA,FRESNO,5,SAN JOAQUIN VALLEY - KINGS (5-22.08),23,8
GCWC10000001,NTC11,36.656,-119.385,TCPR123,ND,0,UG/L,9/10/2015,WATER SUPPLY (WELLS),GAMA,FRESNO,5,SAN JOAQUIN VALLEY - KINGS (5-22.08),31,14
GCWC10000001,NTC19,36.532,-119.257,TCPR123,ND,0,UG/L,1/21/2016,WATER SUPPLY (WELLS),GAMA,TULARE,5,SAN JOAQUIN VALLEY - KINGS (5-22.08),23,14
GCWC10000001,NTC03,36.054,-119.11,TCPR123,ND,0,UG/L,8/18/2015,WATER SUPPLY (WELLS),GAMA,TULARE,5,SAN JOAQUIN VALLEY - TULE (5-22.13),26,14
GCWC10000001,NTC08,36.495,-119.241,TCPR123,ND,0,UG/L,9/9/2015,WATER SUPPLY (WELLS),GAMA,TULARE,5,SAN JOAQUIN VALLEY - KINGS (5-22.08),26,14
GA0000000933,TUL924,36.369,-119.026,TCPR123,ND,0,UG/L,4/20/2006,WATER SUPPLY (WELLS),GAMA,TULARE,5,SAN JOAQUIN VALLEY - KAWEAH (5-22.11),26,16
GCWC10000001,NTC04,36.54,-119.327,TCPR123,ND,0,UG/L,8/19/2015,WATER SUPPLY (WELLS),GAMA,TULARE,5,SAN JOAQUIN VALLEY - KINGS (5-22.08),26,14
GA5037305533,TUL1016,36.542,-119.269,TCPR123,ND,0,UG/L,5/23/2006,WATER SUPPLY (WELLS),GAMA,TULARE,5,SAN JOAQUIN VALLEY - KINGS (5-22.08),26,14
GCWC10000001,NTC24,35.966,-119.056,TCPR123,ND,0,UG/L,2/11/2016,WATER SUPPLY (WELLS),GAMA,TULARE,5,SAN JOAQUIN VALLEY - TULE (5-22.13),26,14
GCWC10000001,NTC21,36.543,-119.281,TCPR123,ND,0,UG/L,1/21/2016,WATER SUPPLY (WELLS),GAMA,TULARE,5,SAN JOAQUIN VALLEY - KINGS (5-22.08),23,14
GCWC10000001,NTC23,36.058,-118.994,TCPR123,=,0.003,UG/L,2/11/2016,WATER SUPPLY (WELLS),GAMA,TULARE,5,SAN JOAQUIN VALLEY - TULE (5-22.13),26,14
GA4226239860,TUL948,35.923,-119.256,TCPR123,ND,0,UG/L,4/26/2006,WATER SUPPLY (WELLS),GAMA,TULARE,5,SAN JOAQUIN VALLEY - TULE (5-22.13),26,14
GA4266889274,TUL1107,36.035,-118.947,TCPR123,ND,0,UG/L,6/22/2006,WATER SUPPLY (WELLS),GAMA,TULARE,5,SAN JOAQUIN VALLEY - TULE (5-22.13),26,16
GA6236737906,TUL999,35.926,-119.265,TCPR123,ND,0,UG/L,5/18/2006,WATER SUPPLY (WELLS),GAMA,TULARE,5,SAN JOAQUIN VALLEY - TULE (5-22.13),26,14
GA6235913932,TUL976,36.403,-119.331,TCPR123,ND,0,UG/L,5/10/2006,WATER SUPPLY (WELLS),GAMA,TULARE,5,SAN JOAQUIN VALLEY - KAWEAH (5-22.11),26,14
GA0000000904,TUL902,36.3,-119.234,TCPR123,ND,0,UG/L,4/18/2006,WATER SUPPLY (WELLS),GAMA,TULARE,5,SAN JOAQUIN VALLEY - KAWEAH (5-22.11),26,16
GA5507932364,TUL958,36.01,-118.976,TCPR123,ND,0,UG/L,5/9/2006,WATER SUPPLY (WELLS),GAMA,TULARE,5,SAN JOAQUIN VALLEY - TULE (5-22.13),26,14
GA9094419181,TUL1005,36.048,-119.131,TCPR123,ND,0,UG/L,6/6/2006,WATER SUPPLY (WELLS),GAMA,TULARE,5,SAN JOAQUIN VALLEY - TULE (5-22.13),26,14
GA6344678580,TUL963,36.639,-119.001,TCPR123,ND,0,UG/L,5/10/2006,WATER SUPPLY (WELLS),GAMA,TULARE,5,NO BASIN FOUND,23,8
GA9147840201,TUL980,36.174,-118.791,TCPR123,ND,0,UG/L,6/6/2006,WATER SUPPLY (WELLS),GAMA,TULARE,5,NO BASIN FOUND,26,16
GA5436658561,TUL1009,36.14,-118.861,TCPR123,ND,0,UG/L,6/7/2006,WATER SUPPLY (WELLS),GAMA,TULARE,5,NO BASIN FOUND,26,16
GA5277082145,TUL982,36.145,-118.884,TCPR123,ND,0,UG/L,5/16/2006,WATER SUPPLY (WELLS),GAMA,TULARE,5,NO BASIN FOUND,26,16
GA3441816031,TUL942,36.09,-119.181,TCPR123,ND,0,UG/L,4/25/2006,WATER SUPPLY (WELLS),GAMA,TULARE,5,SAN JOAQUIN VALLEY - TULE (5-22.13),26,14
GA5781766593,TUL1505,36.438,-119.247,TCPR123,ND,0,UG/L,6/8/2006,WATER SUPPLY (WELLS),GAMA,TULARE,5,SAN JOAQUIN VALLEY - KAWEAH (5-22.11),26,14
GA7631452262,TUL1002,36.223,-118.833,TCPR123,ND,0,UG/L,5/16/2006,WATER SUPPLY (WELLS),GAMA,TULARE,5,NO BASIN FOUND,26,16
GA1073713004,TUL987,35.834,-119.313,TCPR123,ND,0,UG/L,5/18/2006,WATER SUPPLY (WELLS),GAMA,TULARE,5,SAN JOAQUIN VALLEY - TULE (5-22.13),26,14
GA0000000961,TUL936,36.236,-119.456,TCPR123,ND,0,UG/L,4/26/2006,WATER SUPPLY (WELLS),GAMA,TULARE,5,SAN JOAQUIN VALLEY - KAWEAH (5-22.11),26,16
GA4926480948,TUL1085,36.593,-119.244,TCPR123,ND,0,UG/L,6/20/2006,WATER SUPPLY (WELLS),GAMA,TULARE,5,NO BASIN FOUND,26,14
GA7473111808,TUL1094,36.476,-119.129,TCPR123,ND,0,UG/L,6/21/2006,WATER SUPPLY (WELLS),GAMA,TULARE,5,SAN JOAQUIN VALLEY - KAWEAH (5-22.11),23,8
GA9318402945,TUL946,36.101,-119.038,TCPR123,ND,0,UG/L,4/27/2006,WATER SUPPLY (WELLS),GAMA,TULARE,5,SAN JOAQUIN VALLEY - TULE (5-22.13),26,14
GA0000000958,TUL933,36.212,-119.026,TCPR123,ND,0,UG/L,4/25/2006,WATER SUPPLY (WELLS),GAMA,TULARE,5,SAN JOAQUIN VALLEY - KAWEAH (5-22.11),26,16
GA6313367545,TUL1011,35.93,-119.271,TCPR123,ND,0,UG/L,5/24/2006,WATER SUPPLY (WELLS),GAMA,TULARE,5,SAN JOAQUIN VALLEY - TULE (5-22.13),26,14
GA7362836539,TUL988,36.209,-119.186,TCPR123,ND,0,UG/L,6/6/2006,WATER SUPPLY (WELLS),GAMA,TULARE,5,SAN JOAQUIN VALLEY - KAWEAH (5-22.11),26,14
GA0000000912,TUL915,36.37,-119.019,TCPR123,ND,0,UG/L,4/19/2006,WATER SUPPLY (WELLS),GAMA,TULARE,5,SAN JOAQUIN VALLEY - KAWEAH (5-22.11),23,16
GA6797040641,TUL945,36.085,-119.022,TCPR123,ND,0,UG/L,4/27/2006,WATER SUPPLY (WELLS),GAMA,TULARE,5,SAN JOAQUIN VALLEY - TULE (5-22.13),26,14
GA9092633903,TUL1065,36.158,-119.5,TCPR123,ND,0,UG/L,6/13/2006,WATER SUPPLY (WELLS),GAMA,TULARE,5,SAN JOAQUIN VALLEY - KAWEAH (5-22.11),26,16
GA1731244742,TUL947,35.92,-119.268,TCPR123,ND,0,UG/L,4/25/2006,WATER SUPPLY (WELLS),GAMA,TULARE,5,SAN JOAQUIN VALLEY - TULE (5-22.13),26,14
GA5824063956,TUL1095,36.404,-118.884,TCPR123,ND,0,UG/L,6/21/2006,WATER SUPPLY (WELLS),GAMA,TULARE,5,NO BASIN FOUND,23,8
GCWC10000001,NTC09,36.482,-119.252,TCPR123,ND,0,UG/L,9/9/2015,WATER SUPPLY (WELLS),GAMA,TULARE,5,SAN JOAQUIN VALLEY - KINGS (5-22.08),26,14
GCWC10000001,NTC06,36.493,-119.25,TCPR123,ND,0,UG/L,9/8/2015,WATER SUPPLY (WELLS),GAMA,TULARE,5,SAN JOAQUIN VALLEY - KINGS (5-22.08),26,14
GCWC10000001,NTC17,36.494,-119.276,TCPR123,ND,0,UG/L,11/17/2015,WATER SUPPLY (WELLS),GAMA,TULARE,5,SAN JOAQUIN VALLEY - KINGS (5-22.08),26,14
GA0000000944,TUL929,36.242,-119.243,TCPR123,ND,0,UG/L,4/20/2006,WATER SUPPLY (WELLS),GAMA,TULARE,5,SAN JOAQUIN VALLEY - KAWEAH (5-22.11),26,16
GA8370694816,TUL1024,36.041,-118.849,TCPR123,ND,0,UG/L,5/25/2006,WATER SUPPLY (WELLS),GAMA,TULARE,5,NO BASIN FOUND,26,16
GCWC10000001,NTC27,36.302,-119.363,TCPR123,ND,0,UG/L,3/8/2016,WATER SUPPLY (WELLS),GAMA,TULARE,5,SAN JOAQUIN VALLEY - KAWEAH (5-22.11),26,16
GA4115827262,TUL996,36.299,-119.342,TCPR123,ND,0,UG/L,5/16/2006,WATER SUPPLY (WELLS),GAMA,TULARE,5,SAN JOAQUIN VALLEY - KAWEAH (5-22.11),26,16
GA0000000920,TUL913,36.401,-119.041,TCPR123,ND,0,UG/L,4/19/2006,WATER SUPPLY (WELLS),GAMA,TULARE,5,SAN JOAQUIN VALLEY - KAWEAH (5-22.11),23,14
GA0000000965,TUL938,36.234,-119.38,TCPR123,ND,0,UG/L,4/26/2006,WATER SUPPLY (WELLS),GAMA,TULARE,5,SAN JOAQUIN VALLEY - KAWEAH (5-22.11),26,16
GA1218183219,TUL995,36.003,-118.906,TCPR123,ND,0,UG/L,5/17/2006,WATER SUPPLY (WELLS),GAMA,TULARE,5,NO BASIN FOUND,26,16
GA6669324576,TUL1054,35.959,-119.329,TCPR123,ND,0,UG/L,6/13/2006,WATER SUPPLY (WELLS),GAMA,TULARE,5,SAN JOAQUIN VALLEY - TULE (5-22.13),26,14
GA0000000924,TUL925,36.486,-119.196,TCPR123,ND,0,UG/L,4/20/2006,WATER SUPPLY (WELLS),GAMA,TULARE,5,SAN JOAQUIN VALLEY - KAWEAH (5-22.11),23,14
GA9883924186,TUL975,36.568,-119.232,TCPR123,ND,0,UG/L,5/11/2006,WATER SUPPLY (WELLS),GAMA,TULARE,5,NO BASIN FOUND,23,8
GA2127301871,TUL1111,36.573,-119.274,TCPR123,ND,0,UG/L,6/22/2006,WATER SUPPLY (WELLS),GAMA,TULARE,5,SAN JOAQUIN VALLEY - KINGS (5-22.08),26,14
GA5454511344,TUL1063,36.11,-118.846,TCPR123,ND,0,UG/L,6/14/2006,WATER SUPPLY (WELLS),GAMA,TULARE,5,NO BASIN FOUND,26,16
GA5433088004,TUL1080,36.374,-119.276,TCPR123,ND,0,UG/L,6/15/2006,WATER SUPPLY (WELLS),GAMA,TULARE,5,SAN JOAQUIN VALLEY - KAWEAH (5-22.11),26,14
GA1214063346,TUL968,36.609,-119.249,TCPR123,ND,0,UG/L,5/11/2006,WATER SUPPLY (WELLS),GAMA,TULARE,5,NO BASIN FOUND,26,14
GA0000000908,TUL908,36.353,-119.163,TCPR123,ND,0,UG/L,4/18/2006,WATER SUPPLY (WELLS),GAMA,TULARE,5,SAN JOAQUIN VALLEY - KAWEAH (5-22.11),26,14
GA3668683707,TUL1000,36.006,-119.306,TCPR123,ND,0,UG/L,5/18/2006,WATER SUPPLY (WELLS),GAMA,TULARE,5,SAN JOAQUIN VALLEY - TULE (5-22.13),26,14
GA4915769279,TUL960,36.011,-119.048,TCPR123,ND,0,UG/L,5/9/2006,WATER SUPPLY (WELLS),GAMA,TULARE,5,SAN JOAQUIN VALLEY - TULE (5-22.13),26,14
GA2979840934,TUL949,36.147,-119.353,TCPR123,ND,0,UG/L,4/26/2006,WATER SUPPLY (WELLS),GAMA,TULARE,5,SAN JOAQUIN VALLEY - KAWEAH (5-22.11),26,16
GA3263013541,TUL972,36.552,-119.321,TCPR123,ND,0,UG/L,5/11/2006,WATER SUPPLY (WELLS),GAMA,TULARE,5,SAN JOAQUIN VALLEY - KINGS (5-22.08),26,14
GA9625333487,TUL1076,36.293,-119.171,TCPR123,ND,0,UG/L,6/15/2006,WATER SUPPLY (WELLS),GAMA,TULARE,5,SAN JOAQUIN VALLEY - KAWEAH (5-22.11),26,16
GA2485730826,TUL966,36.655,-119.008,TCPR123,ND,0,UG/L,5/10/2006,WATER SUPPLY (WELLS),GAMA,TULARE,5,NO BASIN FOUND,23,8
GA3179517447,TUL967,36.366,-119.28,TCPR123,ND,0,UG/L,5/10/2006,WATER SUPPLY (WELLS),GAMA,TULARE,5,SAN JOAQUIN VALLEY - KAWEAH (5-22.11),26,14
GA0000000916,TUL903,36.331,-119.189,TCPR123,ND,0,UG/L,4/18/2006,WATER SUPPLY (WELLS),GAMA,TULARE,5,SAN JOAQUIN VALLEY - KAWEAH (5-22.11),26,16
GA1674115836,TUL952,35.871,-119.067,TCPR123,ND,0,UG/L,4/26/2006,WATER SUPPLY (WELLS),GAMA,TULARE,5,SAN JOAQUIN VALLEY - TULE (5-22.13),26,14
GA3389630973,TUL994,36.11,-118.819,TCPR123,ND,0,UG/L,5/17/2006,WATER SUPPLY (WELLS),GAMA,TULARE,5,NO BASIN FOUND,26,16
GA3409681022,TUL1017,36.159,-119.365,TCPR123,ND,0,UG/L,5/24/2006,WATER SUPPLY (WELLS),GAMA,TULARE,5,SAN JOAQUIN VALLEY - KAWEAH (5-22.11),26,16
GA4789701163,TUL1086,36.595,-119.017,TCPR123,ND,0,UG/L,6/20/2006,WATER SUPPLY (WELLS),GAMA,TULARE,5,NO BASIN FOUND,23,8
GA1107495963,TUL1055,36.21,-119.466,TCPR123,ND,0,UG/L,6/13/2006,WATER SUPPLY (WELLS),GAMA,TULARE,5,SAN JOAQUIN VALLEY - KAWEAH (5-22.11),26,16
GA3885663688,TUL997,36.13,-119.033,TCPR123,ND,0,UG/L,5/17/2006,WATER SUPPLY (WELLS),GAMA,TULARE,5,SAN JOAQUIN VALLEY - KAWEAH (5-22.11),26,14
GA9088514029,TUL1057,36.563,-119.386,TCPR123,ND,0,UG/L,6/14/2006,WATER SUPPLY (WELLS),GAMA,TULARE,5,SAN JOAQUIN VALLEY - KINGS (5-22.08),26,14
GA5854413688,TUL1001,36.254,-118.791,TCPR123,ND,0,UG/L,5/16/2006,WATER SUPPLY (WELLS),GAMA,TULARE,5,NO BASIN FOUND,23,16
GA0000000914,TUL921,36.378,-118.947,TCPR123,ND,0,UG/L,4/20/2006,WATER SUPPLY (WELLS),GAMA,TULARE,5,NO BASIN FOUND,23,8
GA0000000942,TUL927,36.371,-118.843,TCPR123,ND,0,UG/L,4/20/2006,WATER SUPPLY (WELLS),GAMA,TULARE,5,NO BASIN FOUND,23,8
GA8577924430,TUL989,36.138,-118.765,TCPR123,ND,0,UG/L,6/7/2006,WATER SUPPLY (WELLS),GAMA,TULARE,5,NO BASIN FOUND,26,16
GCWC10000001,NTC22,36.552,-119.28,TCPR123,ND,0,UG/L,1/21/2016,WATER SUPPLY (WELLS),GAMA,TULARE,5,SAN JOAQUIN VALLEY - KINGS (5-22.08),26,14
GA0000000929,TUL918,36.412,-118.872,TCPR123,ND,0,UG/L,4/20/2006,WATER SUPPLY (WELLS),GAMA,TULARE,5,NO BASIN FOUND,23,8
GA0000000930,TUL919,36.327,-119.04,TCPR123,ND,0,UG/L,4/19/2006,WATER SUPPLY (WELLS),GAMA,TULARE,5,NO BASIN FOUND,23,16
GA2999616324,TUL951,35.849,-119.225,TCPR123,ND,0,UG/L,4/26/2006,WATER SUPPLY (WELLS),GAMA,TULARE,5,SAN JOAQUIN VALLEY - TULE (5-22.13),26,14
GA0000000903,TUL901,36.291,-119.258,TCPR123,ND,0,UG/L,4/18/2006,WATER SUPPLY (WELLS),GAMA,TULARE,5,SAN JOAQUIN VALLEY - KAWEAH (5-22.11),26,16
GA1051191031,TUL1066,36.199,-119.466,TCPR123,ND,0,UG/L,6/13/2006,WATER SUPPLY (WELLS),GAMA,TULARE,5,SAN JOAQUIN VALLEY - KAWEAH (5-22.11),26,16
GA7510739982,TUL1041,35.945,-119.251,TCPR123,ND,0,UG/L,5/24/2006,WATER SUPPLY (WELLS),GAMA,TULARE,5,SAN JOAQUIN VALLEY - TULE (5-22.13),26,14
GA0000000960,TUL935,36.238,-119.11,TCPR123,ND,0,UG/L,4/27/2006,WATER SUPPLY (WELLS),GAMA,TULARE,5,SAN JOAQUIN VALLEY - KAWEAH (5-22.11),26,14
GA3154386222,TUL1061,36.375,-119.042,TCPR123,ND,0,UG/L,6/14/2006,WATER SUPPLY (WELLS),GAMA,TULARE,5,SAN JOAQUIN VALLEY - KAWEAH (5-22.11),26,16
GA1545575797,TUL992,36.115,-119.249,TCPR123,ND,0,UG/L,5/16/2006,WATER SUPPLY (WELLS),GAMA,TULARE,5,SAN JOAQUIN VALLEY - TULE (5-22.13),26,16
GA9433759391,TUL943,36.058,-119.115,TCPR123,ND,0,UG/L,4/25/2006,WATER SUPPLY (WELLS),GAMA,TULARE,5,SAN JOAQUIN VALLEY - TULE (5-22.13),26,14
GA1667524039,TUL1064,36.116,-119.289,TCPR123,ND,0,UG/L,6/13/2006,WATER SUPPLY (WELLS),GAMA,TULARE,5,SAN JOAQUIN VALLEY - TULE (5-22.13),26,16
GA0000000931,TUL920,36.382,-118.874,TCPR123,ND,0,UG/L,4/20/2006,WATER SUPPLY (WELLS),GAMA,TULARE,5,NO BASIN FOUND,23,8
GCWC10000001,NTC05,36.536,-119.266,TCPR123,ND,0,UG/L,8/19/2015,WATER SUPPLY (WELLS),GAMA,TULARE,5,SAN JOAQUIN VALLEY - KINGS (5-22.08),26,14
GA7704236686,TUL1015,36.551,-119.194,TCPR123,ND,0,UG/L,5/23/2006,WATER SUPPLY (WELLS),GAMA,TULARE,5,SAN JOAQUIN VALLEY - KINGS (5-22.08),23,8
GCWC10000001,NTC13,36.05,-119.016,TCPR123,ND,0,UG/L,10/7/2015,WATER SUPPLY (WELLS),GAMA,TULARE,5,SAN JOAQUIN VALLEY - TULE (5-22.13),26,14
GA0000000913,TUL916,36.348,-119.022,TCPR123,ND,0,UG/L,4/19/2006,WATER SUPPLY (WELLS),GAMA,TULARE,5,SAN JOAQUIN VALLEY - KAWEAH (5-22.11),23,16
GA5211988151,TUL1043,36.53,-119.427,TCPR123,ND,0,UG/L,6/8/2006,WATER SUPPLY (WELLS),GAMA,TULARE,5,SAN JOAQUIN VALLEY - KINGS (5-22.08),26,14
GCWC10000001,NTC31,36.058,-118.995,TCPR123,ND,0,UG/L,3/8/2016,WATER SUPPLY (WELLS),GAMA,TULARE,5,SAN JOAQUIN VALLEY - TULE (5-22.13),26,14
GA8854642570,TUL1087,36.617,-119.101,TCPR123,ND,0,UG/L,6/20/2006,WATER SUPPLY (WELLS),GAMA,TULARE,5,NO BASIN FOUND,23,8
GA6658338248,TUL1019,36.594,-119.1,TCPR123,ND,0,UG/L,5/23/2006,WATER SUPPLY (WELLS),GAMA,TULARE,5,NO BASIN FOUND,23,8
GA8726651847,TUL1026,36.437,-119.105,TCPR123,ND,0,UG/L,5/23/2006,WATER SUPPLY (WELLS),GAMA,TULARE,5,SAN JOAQUIN VALLEY - KAWEAH (5-22.11),23,8
GA9808667838,TUL1044,36.384,-119.117,TCPR123,ND,0,UG/L,6/8/2006,WATER SUPPLY (WELLS),GAMA,TULARE,5,SAN JOAQUIN VALLEY - KAWEAH (5-22.11),26,14
GA1505887687,TUL1099,36.064,-118.865,TCPR123,ND,0,UG/L,6/22/2006,WATER SUPPLY (WELLS),GAMA,TULARE,5,NO BASIN FOUND,26,16
GA0000000921,TUL917,36.342,-119.131,TCPR123,ND,0,UG/L,4/19/2006,WATER SUPPLY (WELLS),GAMA,TULARE,5,SAN JOAQUIN VALLEY - KAWEAH (5-22.11),26,16
GA6730985343,TUL1098,36.348,-119.346,TCPR123,ND,0,UG/L,6/21/2006,WATER SUPPLY (WELLS),GAMA,TULARE,5,SAN JOAQUIN VALLEY - KAWEAH (5-22.11),26,16
GA2715894401,TUL965,36.613,-119.017,TCPR123,ND,0,UG/L,5/10/2006,WATER SUPPLY (WELLS),GAMA,TULARE,5,NO BASIN FOUND,23,8
GA9127103507,TUL1093,36.433,-119.331,TCPR123,ND,0,UG/L,6/21/2006,WATER SUPPLY (WELLS),GAMA,TULARE,5,SAN JOAQUIN VALLEY - KINGS (5-22.08),26,14
GA3416959464,TUL1091,36.345,-119.05,TCPR123,ND,0,UG/L,6/21/2006,WATER SUPPLY (WELLS),GAMA,TULARE,5,SAN JOAQUIN VALLEY - KAWEAH (5-22.11),23,16
GA1158445060,TUL1006,36.02,-119.042,TCPR123,ND,0,UG/L,6/8/2006,WATER SUPPLY (WELLS),GAMA,TULARE,5,SAN JOAQUIN VALLEY - TULE (5-22.13),26,14
GA4026288688,TUL1070,36.499,-119.34,TCPR123,ND,0,UG/L,6/14/2006,WATER SUPPLY (WELLS),GAMA,TULARE,5,SAN JOAQUIN VALLEY - KINGS (5-22.08),26,14
GA0000000909,TUL909,36.335,-119.146,TCPR123,ND,0,UG/L,4/19/2006,WATER SUPPLY (WELLS),GAMA,TULARE,5,SAN JOAQUIN VALLEY - KAWEAH (5-22.11),26,16
GA0000000911,TUL914,36.378,-119.018,TCPR123,ND,0,UG/L,4/19/2006,WATER SUPPLY (WELLS),GAMA,TULARE,5,SAN JOAQUIN VALLEY - KAWEAH (5-22.11),26,16
GA0000000919,TUL912,36.393,-119.13,TCPR123,ND,0,UG/L,4/19/2006,WATER SUPPLY (WELLS),GAMA,TULARE,5,SAN JOAQUIN VALLEY - KAWEAH (5-22.11),26,14
GA0000000962,TUL939,36.231,-119.38,TCPR123,ND,0,UG/L,4/26/2006,WATER SUPPLY (WELLS),GAMA,TULARE,5,SAN JOAQUIN VALLEY - KAWEAH (5-22.11),26,16
GA5537183463,TUL1042,36.348,-119.199,TCPR123,ND,0,UG/L,6/7/2006,WATER SUPPLY (WELLS),GAMA,TULARE,5,SAN JOAQUIN VALLEY - KAWEAH (5-22.11),26,16
GA5615323722,TUL1097,36.219,-118.804,TCPR123,ND,0,UG/L,6/22/2006,WATER SUPPLY (WELLS),GAMA,TULARE,5,NO BASIN FOUND,26,16
GA4756879508,TUL983,36.302,-119.117,TCPR123,ND,0,UG/L,5/17/2006,WATER SUPPLY (WELLS),GAMA,TULARE,5,SAN JOAQUIN VALLEY - KAWEAH (5-22.11),26,16
GA1113675773,TUL1071,36.205,-119.43,TCPR123,ND,0,UG/L,6/13/2006,WATER SUPPLY (WELLS),GAMA,TULARE,5,SAN JOAQUIN VALLEY - KAWEAH (5-22.11),26,16
GA0000000932,TUL922,36.317,-119.129,TCPR123,ND,0,UG/L,4/20/2006,WATER SUPPLY (WELLS),GAMA,TULARE,5,SAN JOAQUIN VALLEY - KAWEAH (5-22.11),26,16
GA1685102164,TUL1034,36.043,-119.071,TCPR123,ND,0,UG/L,6/8/2006,WATER SUPPLY (WELLS),GAMA,TULARE,5,SAN JOAQUIN VALLEY - TULE (5-22.13),26,14
GA9625196158,TUL1021,36.553,-119.195,TCPR123,ND,0,UG/L,5/23/2006,WATER SUPPLY (WELLS),GAMA,TULARE,5,SAN JOAQUIN VALLEY - KINGS (5-22.08),23,8
GCWC10000001,NTC30,36.069,-118.994,TCPR123,ND,0,UG/L,3/8/2016,WATER SUPPLY (WELLS),GAMA,TULARE,5,SAN JOAQUIN VALLEY - TULE (5-22.13),26,14
GCWC10000001,NTC20,36.531,-119.289,TCPR123,ND,0,UG/L,1/21/2016,WATER SUPPLY (WELLS),GAMA,TULARE,5,SAN JOAQUIN VALLEY - KINGS (5-22.08),26,14
GA9215131461,TUL1031,36.516,-119.505,TCPR123,ND,0,UG/L,5/24/2006,WATER SUPPLY (WELLS),GAMA,TULARE,5,SAN JOAQUIN VALLEY - KINGS (5-22.08),26,14
GA0000000906,TUL906,36.294,-119.165,TCPR123,ND,0,UG/L,4/18/2006,WATER SUPPLY (WELLS),GAMA,TULARE,5,SAN JOAQUIN VALLEY - KAWEAH (5-22.11),26,16
GA5514112174,TUL1053,36.139,-118.871,TCPR123,ND,0,UG/L,6/7/2006,WATER SUPPLY (WELLS),GAMA,TULARE,5,NO BASIN FOUND,26,16
GA4859876334,TUL981,36.1,-118.919,TCPR123,ND,0,UG/L,5/16/2006,WATER SUPPLY (WELLS),GAMA,TULARE,5,NO BASIN FOUND,26,16
GA4583844840,TUL950,35.864,-119.251,TCPR123,ND,0,UG/L,4/26/2006,WATER SUPPLY (WELLS),GAMA,TULARE,5,SAN JOAQUIN VALLEY - TULE (5-22.13),26,14
GA0000000964,TUL937,36.173,-119.46,TCPR123,ND,0,UG/L,4/26/2006,WATER SUPPLY (WELLS),GAMA,TULARE,5,SAN JOAQUIN VALLEY - KAWEAH (5-22.11),26,16
GA0000000963,TUL940,36.083,-119.121,TCPR123,ND,0,UG/L,4/25/2006,WATER SUPPLY (WELLS),GAMA,TULARE,5,SAN JOAQUIN VALLEY - TULE (5-22.13),26,14
GA5018903434,TUL986,35.959,-119.226,TCPR123,ND,0,UG/L,5/18/2006,WATER SUPPLY (WELLS),GAMA,TULARE,5,SAN JOAQUIN VALLEY - TULE (5-22.13),26,14
GA9684110343,TUL1082,36.221,-119.268,TCPR123,ND,0,UG/L,6/15/2006,WATER SUPPLY (WELLS),GAMA,TULARE,5,SAN JOAQUIN VALLEY - KAWEAH (5-22.11),26,16
GA0000000945,TUL930,36.211,-119.227,TCPR123,ND,0,UG/L,4/25/2006,WATER SUPPLY (WELLS),GAMA,TULARE,5,SAN JOAQUIN VALLEY - KAWEAH (5-22.11),26,16
GA6464978873,TUL974,36.449,-119.096,TCPR123,ND,0,UG/L,5/10/2006,WATER SUPPLY (WELLS),GAMA,TULARE,5,SAN JOAQUIN VALLEY - KAWEAH (5-22.11),23,8
GA6442182242,TUL1062,36.054,-118.999,TCPR123,ND,0,UG/L,6/15/2006,WATER SUPPLY (WELLS),GAMA,TULARE,5,SAN JOAQUIN VALLEY - TULE (5-22.13),26,14
GA6323255240,TUL961,35.998,-118.971,TCPR123,ND,0,UG/L,5/9/2006,WATER SUPPLY (WELLS),GAMA,TULARE,5,SAN JOAQUIN VALLEY - TULE (5-22.13),26,16
GA9274320304,TUL1084,36.489,-119.52,TCPR123,ND,0,UG/L,6/20/2006,WATER SUPPLY (WELLS),GAMA,TULARE,5,SAN JOAQUIN VALLEY - KINGS (5-22.08),26,14
GA4045789420,TUL1056,36.314,-119.208,TCPR123,ND,0,UG/L,6/13/2006,WATER SUPPLY (WELLS),GAMA,TULARE,5,SAN JOAQUIN VALLEY - KAWEAH (5-22.11),26,16
GA6222455680,TUL998,36.06,-118.861,TCPR123,ND,0,UG/L,5/17/2006,WATER SUPPLY (WELLS),GAMA,TULARE,5,NO BASIN FOUND,26,16
GA2211072623,TUL969,36.451,-119.351,TCPR123,ND,0,UG/L,5/11/2006,WATER SUPPLY (WELLS),GAMA,TULARE,5,SAN JOAQUIN VALLEY - KINGS (5-22.08),26,14
GA9687543570,TUL990,36.048,-118.93,TCPR123,ND,0,UG/L,5/16/2006,WATER SUPPLY (WELLS),GAMA,TULARE,5,SAN JOAQUIN VALLEY - TULE (5-22.13),26,16
GCWC10000001,NTC29,36.307,-119.157,TCPR123,ND,0,UG/L,3/8/2016,WATER SUPPLY (WELLS),GAMA,TULARE,5,SAN JOAQUIN VALLEY - KAWEAH (5-22.11),26,16
GA8076947867,TUL991,36.248,-119.083,TCPR123,ND,0,UG/L,5/16/2006,WATER SUPPLY (WELLS),GAMA,TULARE,5,SAN JOAQUIN VALLEY - KAWEAH (5-22.11),26,16
GA1288358390,TUL1083,36.292,-119.257,TCPR123,ND,0,UG/L,6/15/2006,WATER SUPPLY (WELLS),GAMA,TULARE,5,SAN JOAQUIN VALLEY - KAWEAH (5-22.11),26,16
GA1038968741,TUL1081,36.239,-119.249,TCPR123,ND,0,UG/L,6/15/2006,WATER SUPPLY (WELLS),GAMA,TULARE,5,SAN JOAQUIN VALLEY - KAWEAH (5-22.11),26,16
GA2516080558,TUL1088,36.507,-119.147,TCPR123,ND,0,UG/L,6/20/2006,WATER SUPPLY (WELLS),GAMA,TULARE,5,NO BASIN FOUND,23,8
GA0000000905,TUL904,36.434,-119.203,TCPR123,ND,0,UG/L,4/18/2006,WATER SUPPLY (WELLS),GAMA,TULARE,5,SAN JOAQUIN VALLEY - KAWEAH (5-22.11),26,14
GA0000000925,TUL926,36.384,-119.275,TCPR123,ND,0,UG/L,4/20/2006,WATER SUPPLY (WELLS),GAMA,TULARE,5,SAN JOAQUIN VALLEY - KAWEAH (5-22.11),26,14
GA9162259757,TUL1089,36.538,-119.25,TCPR123,ND,0,UG/L,6/20/2006,WATER SUPPLY (WELLS),GAMA,TULARE,5,SAN JOAQUIN VALLEY - KINGS (5-22.08),23,14
GA7242810904,TUL1020,36.357,-119.347,TCPR123,ND,0,UG/L,5/25/2006,WATER SUPPLY (WELLS),GAMA,TULARE,5,SAN JOAQUIN VALLEY - KAWEAH (5-22.11),26,16
GA5748670279,TUL970,36.533,-119.239,TCPR123,ND,0,UG/L,5/11/2006,WATER SUPPLY (WELLS),GAMA,TULARE,5,SAN JOAQUIN VALLEY - KINGS (5-22.08),23,14
GA0000000910,TUL911,36.406,-119.112,TCPR123,ND,0,UG/L,4/19/2006,WATER SUPPLY (WELLS),GAMA,TULARE,5,SAN JOAQUIN VALLEY - KAWEAH (5-22.11),26,14
GA3481092154,TUL1014,36.509,-119.467,TCPR123,ND,0,UG/L,5/25/2006,WATER SUPPLY (WELLS),GAMA,TULARE,5,SAN JOAQUIN VALLEY - KINGS (5-22.08),26,14
GA4574781119,TUL978,35.993,-118.972,TCPR123,ND,0,UG/L,6/6/2006,WATER SUPPLY (WELLS),GAMA,TULARE,5,SAN JOAQUIN VALLEY - TULE (5-22.13),26,16
GA0000000918,TUL910,36.398,-119.078,TCPR123,ND,0,UG/L,4/19/2006,WATER SUPPLY (WELLS),GAMA,TULARE,5,SAN JOAQUIN VALLEY - KAWEAH (5-22.11),23,14
GA2856656730,TUL1096,36.225,-118.826,TCPR123,ND,0,UG/L,6/22/2006,WATER SUPPLY (WELLS),GAMA,TULARE,5,NO BASIN FOUND,23,16
GA5601178824,TUL944,36.092,-119.022,TCPR123,ND,0,UG/L,4/27/2006,WATER SUPPLY (WELLS),GAMA,TULARE,5,SAN JOAQUIN VALLEY - TULE (5-22.13),26,14
GA0000000917,TUL905,36.358,-119.184,TCPR123,ND,0,UG/L,4/18/2006,WATER SUPPLY (WELLS),GAMA,TULARE,5,SAN JOAQUIN VALLEY - KAWEAH (5-22.11),26,14
GA0000000957,TUL932,36.185,-119.092,TCPR123,ND,0,UG/L,4/25/2006,WATER SUPPLY (WELLS),GAMA,TULARE,5,SAN JOAQUIN VALLEY - KAWEAH (5-22.11),26,14
GA2042020499,TUL1075,36.309,-119.159,TCPR123,ND,0,UG/L,6/15/2006,WATER SUPPLY (WELLS),GAMA,TULARE,5,SAN JOAQUIN VALLEY - KAWEAH (5-22.11),26,16
GA0000000959,TUL934,36.187,-119.155,TCPR123,ND,0,UG/L,4/25/2006,WATER SUPPLY (WELLS),GAMA,TULARE,5,SAN JOAQUIN VALLEY - KAWEAH (5-22.11),26,14
GA7304197013,TUL1101,36.033,-118.929,TCPR123,ND,0,UG/L,6/22/2006,WATER SUPPLY (WELLS),GAMA,TULARE,5,SAN JOAQUIN VALLEY - TULE (5-22.13),26,16
GA7907483756,TUL962,36.585,-119.123,TCPR123,ND,0,UG/L,5/10/2006,WATER SUPPLY (WELLS),GAMA,TULARE,5,NO BASIN FOUND,23,8
GCWC10000001,NTC18,36.319,-119.332,TCPR123,ND,0,UG/L,11/17/2015,WATER SUPPLY (WELLS),GAMA,TULARE,5,SAN JOAQUIN VALLEY - KAWEAH (5-22.11),26,16
GCWC10000001,NTC01,36.061,-119.126,TCPR123,ND,0,UG/L,8/11/2015,WATER SUPPLY (WELLS),GAMA,TULARE,5,SAN JOAQUIN VALLEY - TULE (5-22.13),26,14
GCWC10000001,NTC16,36.533,-119.28,TCPR123,ND,0,UG/L,11/17/2015,WATER SUPPLY (WELLS),GAMA,TULARE,5,SAN JOAQUIN VALLEY - KINGS (5-22.08),26,14
GCWC10000001,NTC07,36.539,-119.328,TCPR123,=,0.16,UG/L,9/8/2015,WATER SUPPLY (WELLS),GAMA,TULARE,5,SAN JOAQUIN VALLEY - KINGS (5-22.08),26,14
GCWC10000001,NTC02,36.534,-119.308,TCPR123,ND,0,UG/L,8/12/2015,WATER SUPPLY (WELLS),GAMA,TULARE,5,SAN JOAQUIN VALLEY - KINGS (5-22.08),26,14
GA0000000915,TUL923,36.446,-119.138,TCPR123,ND,0,UG/L,4/20/2006,WATER SUPPLY (WELLS),GAMA,TULARE,5,SAN JOAQUIN VALLEY - KAWEAH (5-22.11),23,8
GA0000000943,TUL928,36.476,-119.22,TCPR123,ND,0,UG/L,4/20/2006,WATER SUPPLY (WELLS),GAMA,TULARE,5,SAN JOAQUIN VALLEY - KAWEAH (5-22.11),26,14
GA6047223746,TUL985,36.199,-118.805,TCPR123,ND,0,UG/L,5/16/2006,WATER SUPPLY (WELLS),GAMA,TULARE,5,NO BASIN FOUND,26,16
GA4083417594,TUL1032,36.532,-119.356,TCPR123,ND,0,UG/L,5/25/2006,WATER SUPPLY (WELLS),GAMA,TULARE,5,SAN JOAQUIN VALLEY - KINGS (5-22.08),26,14
GA8985242545,TUL1059,36.354,-119.068,TCPR123,ND,0,UG/L,6/14/2006,WATER SUPPLY (WELLS),GAMA,TULARE,5,SAN JOAQUIN VALLEY - KAWEAH (5-22.11),26,16
GA8331556022,TUL964,36.64,-119.165,TCPR123,ND,0,UG/L,5/10/2006,WATER SUPPLY (WELLS),GAMA,TULARE,5,NO BASIN FOUND,23,8
GA1274350821,TUL1007,36.499,-119.421,TCPR123,ND,0,UG/L,6/7/2006,WATER SUPPLY (WELLS),GAMA,TULARE,5,SAN JOAQUIN VALLEY - KINGS (5-22.08),26,14
GA8314664542,TUL1073,36.528,-119.33,TCPR123,ND,0,UG/L,6/14/2006,WATER SUPPLY (WELLS),GAMA,TULARE,5,SAN JOAQUIN VALLEY - KINGS (5-22.08),26,14
GA1462079703,TUL1104,36.196,-118.827,TCPR123,ND,0,UG/L,6/22/2006,WATER SUPPLY (WELLS),GAMA,TULARE,5,NO BASIN FOUND,26,16
GA5993253409,TUL1060,36.273,-119.146,TCPR123,ND,0,UG/L,6/15/2006,WATER SUPPLY (WELLS),GAMA,TULARE,5,SAN JOAQUIN VALLEY - KAWEAH (5-22.11),26,16
GA3016370475,TUL1013,36.308,-119.43,TCPR123,ND,0,UG/L,5/24/2006,WATER SUPPLY (WELLS),GAMA,TULARE,5,SAN JOAQUIN VALLEY - KAWEAH (5-22.11),26,14
GA2574720084,TUL1010,36.515,-119.501,TCPR123,ND,0,UG/L,5/24/2006,WATER SUPPLY (WELLS),GAMA,TULARE,5,SAN JOAQUIN VALLEY - KINGS (5-22.08),26,14
GA7095594108,TUL971,36.549,-119.244,TCPR123,ND,0,UG/L,5/11/2006,WATER SUPPLY (WELLS),GAMA,TULARE,5,SAN JOAQUIN VALLEY - KINGS (5-22.08),26,14
GA3611005485,TUL1103,36.374,-119.276,TCPR123,ND,0,UG/L,6/20/2006,WATER SUPPLY (WELLS),GAMA,TULARE,5,SAN JOAQUIN VALLEY - KAWEAH (5-22.11),26,16
GA4901761710,TUL1029,36.042,-119.236,TCPR123,ND,0,UG/L,5/25/2006,WATER SUPPLY (WELLS),GAMA,TULARE,5,SAN JOAQUIN VALLEY - TULE (5-22.13),26,14
GA4581372916,TUL1003,36.219,-119.258,TCPR123,ND,0,UG/L,5/18/2006,WATER SUPPLY (WELLS),GAMA,TULARE,5,SAN JOAQUIN VALLEY - KAWEAH (5-22.11),26,16
GA7795011222,TUL1028,36.021,-119.281,TCPR123,ND,0,UG/L,5/23/2006,WATER SUPPLY (WELLS),GAMA,TULARE,5,SAN JOAQUIN VALLEY - TULE (5-22.13),26,14
GA2935895621,TUL1106,36.367,-119.278,TCPR123,ND,0,UG/L,6/22/2006,WATER SUPPLY (WELLS),GAMA,TULARE,5,SAN JOAQUIN VALLEY - KAWEAH (5-22.11),26,16
GA7433011710,TUL1100,36.62,-119.093,TCPR123,ND,0,UG/L,6/20/2006,WATER SUPPLY (WELLS),GAMA,TULARE,5,NO BASIN FOUND,23,8
GA2257901847,TUL1092,36.471,-119.379,TCPR123,ND,0,UG/L,6/21/2006,WATER SUPPLY (WELLS),GAMA,TULARE,5,SAN JOAQUIN VALLEY - KINGS (5-22.08),26,14
GA3823041617,TUL941,36.196,-119.283,TCPR123,ND,0,UG/L,4/25/2006,WATER SUPPLY (WELLS),GAMA,TULARE,5,SAN JOAQUIN VALLEY - KAWEAH (5-22.11),26,16
GA0000000956,TUL931,36.226,-119.119,TCPR123,ND,0,UG/L,4/25/2006,WATER SUPPLY (WELLS),GAMA,TULARE,5,SAN JOAQUIN VALLEY - KAWEAH (5-22.11),26,14
GA9644010245,TUL1090,36.335,-119.041,TCPR123,ND,0,UG/L,6/21/2006,WATER SUPPLY (WELLS),GAMA,TULARE,5,NO BASIN FOUND,23,16
GA9497617423,TUL1008,36.369,-119.073,TCPR123,ND,0,UG/L,6/8/2006,WATER SUPPLY (WELLS),GAMA,TULARE,5,SAN JOAQUIN VALLEY - KAWEAH (5-22.11),26,16
GA7485196769,TUL1074,36.528,-119.32,TCPR123,ND,0,UG/L,6/14/2006,WATER SUPPLY (WELLS),GAMA,TULARE,5,SAN JOAQUIN VALLEY - KINGS (5-22.08),26,14
GA7717694938,TUL1035,36.268,-119.266,TCPR123,ND,0,UG/L,6/6/2006,WATER SUPPLY (WELLS),GAMA,TULARE,5,SAN JOAQUIN VALLEY - KAWEAH (5-22.11),26,16
GCWC10000001,NTC12,36.054,-119.019,TCPR123,ND,0,UG/L,10/7/2015,WATER SUPPLY (WELLS),GAMA,TULARE,5,SAN JOAQUIN VALLEY - TULE (5-22.13),26,14
GCWC10000001,NTC14,36.056,-119.004,TCPR123,ND,0,UG/L,10/7/2015,WATER SUPPLY (WELLS),GAMA,TULARE,5,SAN JOAQUIN VALLEY - TULE (5-22.13),26,14
GCWC10000001,NTC15,36.062,-119.009,TCPR123,ND,0,UG/L,10/7/2015,WATER SUPPLY (WELLS),GAMA,TULARE,5,SAN JOAQUIN VALLEY - TULE (5-22.13),26,14
GA2350598990,TUL979,36.037,-118.937,TCPR123,ND,0,UG/L,6/6/2006,WATER SUPPLY (WELLS),GAMA,TULARE,5,SAN JOAQUIN VALLEY - TULE (5-22.13),26,16
GA4637815177,TUL959,36.004,-119.011,TCPR123,ND,0,UG/L,5/9/2006,WATER SUPPLY (WELLS),GAMA,TULARE,5,SAN JOAQUIN VALLEY - TULE (5-22.13),26,14
GCWC10000001,NTC28,36.316,-119.222,TCPR123,ND,0,UG/L,3/8/2016,WATER SUPPLY (WELLS),GAMA,TULARE,5,SAN JOAQUIN VALLEY - KAWEAH (5-22.11),26,16
GA9454358756,TUL1012,35.945,-119.261,TCPR123,ND,0,UG/L,5/24/2006,WATER SUPPLY (WELLS),GAMA,TULARE,5,SAN JOAQUIN VALLEY - TULE (5-22.13),26,14
GA9866483390,TUL1022,36.053,-119.527,TCPR123,ND,0,UG/L,5/24/2006,WATER SUPPLY (WELLS),GAMA,TULARE,5,SAN JOAQUIN VALLEY - TULE (5-22.13),26,14
GA0000000907,TUL907,36.38,-119.2,TCPR123,ND,0,UG/L,4/18/2006,WATER SUPPLY (WELLS),GAMA,TULARE,5,SAN JOAQUIN VALLEY - KAWEAH (5-22.11),26,14
GA8698774039,TUL993,36.016,-118.903,TCPR123,ND,0,UG/L,5/17/2006,WATER SUPPLY (WELLS),GAMA,TULARE,5,NO BASIN FOUND,26,16
GA9957807242,TUL1033,36.35,-119.452,TCPR123,ND,0,UG/L,5/25/2006,WATER SUPPLY (WELLS),GAMA,TULARE,5,SAN JOAQUIN VALLEY - KAWEAH (5-22.11),26,14
GA9096753776,TUL973,36.492,-119.279,TCPR123,ND,0,UG/L,5/11/2006,WATER SUPPLY (WELLS),GAMA,TULARE,5,SAN JOAQUIN VALLEY - KINGS (5-22.08),26,14
GA6743619620,TUL1072,36.448,-119.318,TCPR123,ND,0,UG/L,6/14/2006,WATER SUPPLY (WELLS),GAMA,TULARE,5,SAN JOAQUIN VALLEY - KINGS (5-22.08),26,14
GA2729627311,TUL1058,36.365,-119.068,TCPR123,=,0.8,UG/L,6/14/2006,WATER SUPPLY (WELLS),GAMA,TULARE,5,SAN JOAQUIN VALLEY - KAWEAH (5-22.11),26,16
GA6287687003,TUL1025,36.55,-119.338,TCPR123,ND,0,UG/L,5/23/2006,WATER SUPPLY (WELLS),GAMA,TULARE,5,SAN JOAQUIN VALLEY - KINGS (5-22.08),26,14
GA3949933707,TUL1105,36.511,-119.318,TCPR123,ND,0,UG/L,6/20/2006,WATER SUPPLY (WELLS),GAMA,TULARE,5,SAN JOAQUIN VALLEY - KINGS (5-22.08),26,14
GA3953229606,TUL955,36.014,-118.989,TCPR123,ND,0,UG/L,4/25/2006,WATER SUPPLY (WELLS),GAMA,TULARE,5,SAN JOAQUIN VALLEY - TULE (5-22.13),26,14
GA3314374625,TUL1036,36.266,-119.288,TCPR123,ND,0,UG/L,6/6/2006,WATER SUPPLY (WELLS),GAMA,TULARE,5,SAN JOAQUIN VALLEY - KAWEAH (5-22.11),26,16
GA1836576163,TUL1027,36.364,-119.289,TCPR123,ND,0,UG/L,5/23/2006,WATER SUPPLY (WELLS),GAMA,TULARE,5,SAN JOAQUIN VALLEY - KAWEAH (5-22.11),26,14
GA9266217887,TUL984,36.076,-118.831,TCPR123,ND,0,UG/L,5/17/2006,WATER SUPPLY (WELLS),GAMA,TULARE,5,NO BASIN FOUND,26,16
GCWC10000001,SK03,35.248,-118.962,TCPR123,=,0.0098,UG/L,10/20/2015,WATER SUPPLY (WELLS),GAMA,KERN,5,SAN JOAQUIN VALLEY - KERN COUNTY (5-22.14),32,14
GCWC10000001,SK01,35.241,-118.955,TCPR123,ND,0,UG/L,10/20/2015,WATER SUPPLY (WELLS),GAMA,KERN,5,SAN JOAQUIN VALLEY - KERN COUNTY (5-22.14),32,14
GCWC10000001,SK02,35.243,-118.954,TCPR123,ND,0,UG/L,10/20/2015,WATER SUPPLY (WELLS),GAMA,KERN,5,SAN JOAQUIN VALLEY - KERN COUNTY (5-22.14),32,14
